mode,geometry,Dmax,run,init_s
naive,Hex1125,1,1,15.1877
naive,Hex1125,1,2,15.5599
naive,Hex1125,1,3,15.1614
naive,Hex1125,1,4,15.1968
naive,Hex1125,1,5,15.2336
naive,Hex1125,1,6,15.1148
naive,Hex1125,1,7,15.1544
naive,Hex1125,1,8,15.2202
naive,Hex1125,1,9,15.2522
naive,Hex1125,1,10,15.2675
naive,Hex1125,1,11,15.1859
naive,Hex1125,1,12,15.2974
naive,Hex1125,1,13,15.1488
naive,Hex1125,1,14,15.2446
naive,Hex1125,1,15,15.2008
naive,Hex1125,1,16,15.3052
naive,Hex1125,1,17,15.1841
naive,Hex1125,1,18,15.2286
naive,Hex1125,1,19,15.255
naive,Hex1125,1,20,15.1176
naive,Hex1125,2,1,1.97967
naive,Hex1125,2,2,1.9331
naive,Hex1125,2,3,1.95406
naive,Hex1125,2,4,1.94984
naive,Hex1125,2,5,1.93322
naive,Hex1125,2,6,2.14879
naive,Hex1125,2,7,1.94244
naive,Hex1125,2,8,1.9546
naive,Hex1125,2,9,1.93137
naive,Hex1125,2,10,1.94631
naive,Hex1125,2,11,1.94123
naive,Hex1125,2,12,1.95366
naive,Hex1125,2,13,1.93121
naive,Hex1125,2,14,1.96614
naive,Hex1125,2,15,1.93728
naive,Hex1125,2,16,1.94516
naive,Hex1125,2,17,1.94544
naive,Hex1125,2,18,1.9458
naive,Hex1125,2,19,2.01506
naive,Hex1125,2,20,1.94984
naive,Hex1125,3,1,0.871787
naive,Hex1125,3,2,0.867983
naive,Hex1125,3,3,0.869159
naive,Hex1125,3,4,0.888163
naive,Hex1125,3,5,0.879925
naive,Hex1125,3,6,0.878467
naive,Hex1125,3,7,0.880851
naive,Hex1125,3,8,0.877885
naive,Hex1125,3,9,1.11198
naive,Hex1125,3,10,0.881095
naive,Hex1125,3,11,0.880678
naive,Hex1125,3,12,0.87635
naive,Hex1125,3,13,1.11245
naive,Hex1125,3,14,0.879743
naive,Hex1125,3,15,0.879584
naive,Hex1125,3,16,0.880254
naive,Hex1125,3,17,1.11607
naive,Hex1125,3,18,0.882767
naive,Hex1125,3,19,0.886592
naive,Hex1125,3,20,0.884934
naive,Hex1125,4,1,0.96475
naive,Hex1125,4,2,0.77531
naive,Hex1125,4,3,0.774188
naive,Hex1125,4,4,0.771909
naive,Hex1125,4,5,0.77609
naive,Hex1125,4,6,0.775964
naive,Hex1125,4,7,0.774581
naive,Hex1125,4,8,0.773485
naive,Hex1125,4,9,0.848042
naive,Hex1125,4,10,0.775923
naive,Hex1125,4,11,0.776965
naive,Hex1125,4,12,0.776434
naive,Hex1125,4,13,0.773753
naive,Hex1125,4,14,0.770374
naive,Hex1125,4,15,0.774543
naive,Hex1125,4,16,0.774506
naive,Hex1125,4,17,0.773977
naive,Hex1125,4,18,0.961447
naive,Hex1125,4,19,0.772634
naive,Hex1125,4,20,0.77504
naive,Hex1125,5,1,0.778527
naive,Hex1125,5,2,0.85479
naive,Hex1125,5,3,0.782514
naive,Hex1125,5,4,0.779616
naive,Hex1125,5,5,0.781621
naive,Hex1125,5,6,0.778151
naive,Hex1125,5,7,0.778197
naive,Hex1125,5,8,0.780464
naive,Hex1125,5,9,0.799776
naive,Hex1125,5,10,0.776956
naive,Hex1125,5,11,0.780539
naive,Hex1125,5,12,0.778887
naive,Hex1125,5,13,0.778332
naive,Hex1125,5,14,0.77842
naive,Hex1125,5,15,0.775441
naive,Hex1125,5,16,0.800456
naive,Hex1125,5,17,0.777522
naive,Hex1125,5,18,0.775879
naive,Hex1125,5,19,0.780238
naive,Hex1125,5,20,0.776486
naive,Hex1944,1,1,50.7753
naive,Hex1944,1,2,50.8509
naive,Hex1944,1,3,50.8139
naive,Hex1944,1,4,50.9841
naive,Hex1944,1,5,50.7826
naive,Hex1944,1,6,50.9828
naive,Hex1944,1,7,50.8218
naive,Hex1944,1,8,50.8357
naive,Hex1944,1,9,50.8744
naive,Hex1944,1,10,50.8688
naive,Hex1944,1,11,50.8287
naive,Hex1944,1,12,50.8425
naive,Hex1944,1,13,50.7922
naive,Hex1944,1,14,50.7975
naive,Hex1944,1,15,50.8812
naive,Hex1944,1,16,50.8141
naive,Hex1944,1,17,50.8188
naive,Hex1944,1,18,50.978
naive,Hex1944,1,19,50.8627
naive,Hex1944,1,20,50.7962
naive,Hex1944,2,1,5.80356
naive,Hex1944,2,2,5.69734
naive,Hex1944,2,3,5.68511
naive,Hex1944,2,4,5.72823
naive,Hex1944,2,5,5.69488
naive,Hex1944,2,6,5.71727
naive,Hex1944,2,7,5.66052
naive,Hex1944,2,8,5.66907
naive,Hex1944,2,9,5.70679
naive,Hex1944,2,10,5.68167
naive,Hex1944,2,11,5.73865
naive,Hex1944,2,12,5.68802
naive,Hex1944,2,13,5.64895
naive,Hex1944,2,14,5.67377
naive,Hex1944,2,15,5.68319
naive,Hex1944,2,16,5.69844
naive,Hex1944,2,17,5.65166
naive,Hex1944,2,18,5.67545
naive,Hex1944,2,19,5.64722
naive,Hex1944,2,20,5.66621
naive,Hex1944,3,1,1.99322
naive,Hex1944,3,2,1.99018
naive,Hex1944,3,3,1.99629
naive,Hex1944,3,4,1.99724
naive,Hex1944,3,5,2.40219
naive,Hex1944,3,6,1.9855
naive,Hex1944,3,7,2.40427
naive,Hex1944,3,8,1.99382
naive,Hex1944,3,9,2.43795
naive,Hex1944,3,10,2.0099
naive,Hex1944,3,11,1.99043
naive,Hex1944,3,12,1.99231
naive,Hex1944,3,13,1.99523
naive,Hex1944,3,14,1.99624
naive,Hex1944,3,15,1.9878
naive,Hex1944,3,16,2.39854
naive,Hex1944,3,17,1.99224
naive,Hex1944,3,18,1.99698
naive,Hex1944,3,19,1.99789
naive,Hex1944,3,20,1.99924
naive,Hex1944,4,1,1.52666
naive,Hex1944,4,2,1.52408
naive,Hex1944,4,3,1.66766
naive,Hex1944,4,4,1.52333
naive,Hex1944,4,5,1.52801
naive,Hex1944,4,6,1.51968
naive,Hex1944,4,7,1.525
naive,Hex1944,4,8,1.52397
naive,Hex1944,4,9,1.52113
naive,Hex1944,4,10,1.52985
naive,Hex1944,4,11,1.52307
naive,Hex1944,4,12,1.52483
naive,Hex1944,4,13,1.53567
naive,Hex1944,4,14,1.52463
naive,Hex1944,4,15,1.52343
naive,Hex1944,4,16,1.52509
naive,Hex1944,4,17,1.52355
naive,Hex1944,4,18,1.52562
naive,Hex1944,4,19,1.53435
naive,Hex1944,4,20,1.5232
naive,Hex1944,5,1,1.94543
naive,Hex1944,5,2,1.95693
naive,Hex1944,5,3,1.95289
naive,Hex1944,5,4,1.95314
naive,Hex1944,5,5,1.94279
naive,Hex1944,5,6,1.94622
naive,Hex1944,5,7,1.95509
naive,Hex1944,5,8,1.95484
naive,Hex1944,5,9,1.94949
naive,Hex1944,5,10,1.94398
naive,Hex1944,5,11,1.93998
naive,Hex1944,5,12,2.27446
naive,Hex1944,5,13,1.94873
naive,Hex1944,5,14,1.94331
naive,Hex1944,5,15,1.96208
naive,Hex1944,5,16,1.9401
naive,Hex1944,5,17,1.95282
naive,Hex1944,5,18,1.95351
naive,Hex1944,5,19,1.94291
naive,Hex1944,5,20,1.94233
naive,Hex243,1,1,2.22463
naive,Hex243,1,2,2.23193
naive,Hex243,1,3,2.21972
naive,Hex243,1,4,2.22842
naive,Hex243,1,5,2.22018
naive,Hex243,1,6,2.23403
naive,Hex243,1,7,2.22557
naive,Hex243,1,8,2.22955
naive,Hex243,1,9,2.2302
naive,Hex243,1,10,2.22686
naive,Hex243,1,11,2.20951
naive,Hex243,1,12,2.22397
naive,Hex243,1,13,2.22631
naive,Hex243,1,14,2.22439
naive,Hex243,1,15,2.21677
naive,Hex243,1,16,2.22046
naive,Hex243,1,17,2.21798
naive,Hex243,1,18,2.22358
naive,Hex243,1,19,2.22139
naive,Hex243,1,20,2.22996
naive,Hex243,2,1,0.227678
naive,Hex243,2,2,0.226691
naive,Hex243,2,3,0.227103
naive,Hex243,2,4,0.225471
naive,Hex243,2,5,0.227162
naive,Hex243,2,6,0.226361
naive,Hex243,2,7,0.225265
naive,Hex243,2,8,0.224524
naive,Hex243,2,9,0.226041
naive,Hex243,2,10,0.226013
naive,Hex243,2,11,0.227709
naive,Hex243,2,12,0.225327
naive,Hex243,2,13,0.227943
naive,Hex243,2,14,0.227025
naive,Hex243,2,15,0.225552
naive,Hex243,2,16,0.225599
naive,Hex243,2,17,0.227854
naive,Hex243,2,18,0.227369
naive,Hex243,2,19,0.225931
naive,Hex243,2,20,0.226898
naive,Hex243,3,1,0.151596
naive,Hex243,3,2,0.150835
naive,Hex243,3,3,0.152604
naive,Hex243,3,4,0.151854
naive,Hex243,3,5,0.15192
naive,Hex243,3,6,0.151396
naive,Hex243,3,7,0.152637
naive,Hex243,3,8,0.152538
naive,Hex243,3,9,0.153402
naive,Hex243,3,10,0.152815
naive,Hex243,3,11,0.15265
naive,Hex243,3,12,0.152294
naive,Hex243,3,13,0.151883
naive,Hex243,3,14,0.151832
naive,Hex243,3,15,0.151944
naive,Hex243,3,16,0.151756
naive,Hex243,3,17,0.151569
naive,Hex243,3,18,0.155069
naive,Hex243,3,19,0.151709
naive,Hex243,3,20,0.152603
naive,Hex243,4,1,0.133596
naive,Hex243,4,2,0.136702
naive,Hex243,4,3,0.136058
naive,Hex243,4,4,0.135597
naive,Hex243,4,5,0.136202
naive,Hex243,4,6,0.135876
naive,Hex243,4,7,0.137337
naive,Hex243,4,8,0.136131
naive,Hex243,4,9,0.136116
naive,Hex243,4,10,0.136799
naive,Hex243,4,11,0.136186
naive,Hex243,4,12,0.136223
naive,Hex243,4,13,0.135696
naive,Hex243,4,14,0.136629
naive,Hex243,4,15,0.135656
naive,Hex243,4,16,0.135406
naive,Hex243,4,17,0.136542
naive,Hex243,4,18,0.137089
naive,Hex243,4,19,0.13586
naive,Hex243,4,20,0.136346
naive,Hex243,5,1,0.135581
naive,Hex243,5,2,0.136845
naive,Hex243,5,3,0.136622
naive,Hex243,5,4,0.136391
naive,Hex243,5,5,0.135981
naive,Hex243,5,6,0.136385
naive,Hex243,5,7,0.136789
naive,Hex243,5,8,0.136026
naive,Hex243,5,9,0.136623
naive,Hex243,5,10,0.135986
naive,Hex243,5,11,0.137626
naive,Hex243,5,12,0.135479
naive,Hex243,5,13,0.138095
naive,Hex243,5,14,0.13595
naive,Hex243,5,15,0.137485
naive,Hex243,5,16,0.136192
naive,Hex243,5,17,0.136603
naive,Hex243,5,18,0.135945
naive,Hex243,5,19,0.136398
naive,Hex243,5,20,0.136788
naive,Hex576,1,1,9.94568
naive,Hex576,1,2,9.92774
naive,Hex576,1,3,9.9188
naive,Hex576,1,4,9.91459
naive,Hex576,1,5,9.93351
naive,Hex576,1,6,9.8649
naive,Hex576,1,7,9.91329
naive,Hex576,1,8,9.88159
naive,Hex576,1,9,9.86509
naive,Hex576,1,10,10.0198
naive,Hex576,1,11,9.89952
naive,Hex576,1,12,9.95599
naive,Hex576,1,13,9.94385
naive,Hex576,1,14,9.92283
naive,Hex576,1,15,9.90291
naive,Hex576,1,16,9.90578
naive,Hex576,1,17,9.91768
naive,Hex576,1,18,9.91761
naive,Hex576,1,19,10.2145
naive,Hex576,1,20,9.89293
naive,Hex576,2,1,0.927296
naive,Hex576,2,2,0.898305
naive,Hex576,2,3,0.898724
naive,Hex576,2,4,0.906809
naive,Hex576,2,5,0.900407
naive,Hex576,2,6,0.922105
naive,Hex576,2,7,0.905409
naive,Hex576,2,8,0.89634
naive,Hex576,2,9,0.899899
naive,Hex576,2,10,0.896198
naive,Hex576,2,11,0.909454
naive,Hex576,2,12,0.897616
naive,Hex576,2,13,0.904012
naive,Hex576,2,14,0.901693
naive,Hex576,2,15,0.897276
naive,Hex576,2,16,0.899576
naive,Hex576,2,17,0.906762
naive,Hex576,2,18,0.899127
naive,Hex576,2,19,0.901673
naive,Hex576,2,20,0.900177
naive,Hex576,3,1,0.502967
naive,Hex576,3,2,0.505338
naive,Hex576,3,3,0.517292
naive,Hex576,3,4,0.516029
naive,Hex576,3,5,0.657705
naive,Hex576,3,6,0.515662
naive,Hex576,3,7,0.516324
naive,Hex576,3,8,0.515415
naive,Hex576,3,9,0.516909
naive,Hex576,3,10,0.515997
naive,Hex576,3,11,0.517475
naive,Hex576,3,12,0.516096
naive,Hex576,3,13,0.520934
naive,Hex576,3,14,0.517206
naive,Hex576,3,15,0.52052
naive,Hex576,3,16,0.516187
naive,Hex576,3,17,0.518303
naive,Hex576,3,18,0.515387
naive,Hex576,3,19,0.517892
naive,Hex576,3,20,0.517354
naive,Hex576,4,1,0.447559
naive,Hex576,4,2,0.412296
naive,Hex576,4,3,0.41155
naive,Hex576,4,4,0.411278
naive,Hex576,4,5,0.41152
naive,Hex576,4,6,0.413198
naive,Hex576,4,7,0.409931
naive,Hex576,4,8,0.413439
naive,Hex576,4,9,0.410211
naive,Hex576,4,10,0.412562
naive,Hex576,4,11,0.412415
naive,Hex576,4,12,0.41084
naive,Hex576,4,13,0.411533
naive,Hex576,4,14,0.413316
naive,Hex576,4,15,0.412868
naive,Hex576,4,16,0.413434
naive,Hex576,4,17,0.411605
naive,Hex576,4,18,0.410826
naive,Hex576,4,19,0.412623
naive,Hex576,4,20,0.411391
naive,Hex576,5,1,0.417547
naive,Hex576,5,2,0.425156
naive,Hex576,5,3,0.416953
naive,Hex576,5,4,0.416651
naive,Hex576,5,5,0.415599
naive,Hex576,5,6,0.416679
naive,Hex576,5,7,0.416884
naive,Hex576,5,8,0.417091
naive,Hex576,5,9,0.425413
naive,Hex576,5,10,0.419386
naive,Hex576,5,11,0.414644
naive,Hex576,5,12,0.415562
naive,Hex576,5,13,0.417876
naive,Hex576,5,14,0.425307
naive,Hex576,5,15,0.410229
naive,Hex576,5,16,0.412231
naive,Hex576,5,17,0.415978
naive,Hex576,5,18,0.426354
naive,Hex576,5,19,0.41514
naive,Hex576,5,20,0.417881
naive,Hex72,1,1,1.23914
naive,Hex72,1,2,1.2378
naive,Hex72,1,3,1.24154
naive,Hex72,1,4,1.23908
naive,Hex72,1,5,1.23814
naive,Hex72,1,6,1.23764
naive,Hex72,1,7,1.23712
naive,Hex72,1,8,1.23678
naive,Hex72,1,9,1.23546
naive,Hex72,1,10,1.23514
naive,Hex72,1,11,1.24105
naive,Hex72,1,12,1.24404
naive,Hex72,1,13,1.23425
naive,Hex72,1,14,1.24433
naive,Hex72,1,15,1.23686
naive,Hex72,1,16,1.23935
naive,Hex72,1,17,1.24371
naive,Hex72,1,18,1.23888
naive,Hex72,1,19,1.23698
naive,Hex72,1,20,1.23687
naive,Hex72,2,1,0.195616
naive,Hex72,2,2,0.244109
naive,Hex72,2,3,0.192186
naive,Hex72,2,4,0.192499
naive,Hex72,2,5,0.192473
naive,Hex72,2,6,0.192458
naive,Hex72,2,7,0.193322
naive,Hex72,2,8,0.192509
naive,Hex72,2,9,0.191956
naive,Hex72,2,10,0.191649
naive,Hex72,2,11,0.193744
naive,Hex72,2,12,0.191711
naive,Hex72,2,13,0.192823
naive,Hex72,2,14,0.194621
naive,Hex72,2,15,0.193076
naive,Hex72,2,16,0.193546
naive,Hex72,2,17,0.193546
naive,Hex72,2,18,0.194535
naive,Hex72,2,19,0.194455
naive,Hex72,2,20,0.194254
naive,Hex72,3,1,0.065741
naive,Hex72,3,2,0.063692
naive,Hex72,3,3,0.063042
naive,Hex72,3,4,0.062901
naive,Hex72,3,5,0.062857
naive,Hex72,3,6,0.062895
naive,Hex72,3,7,0.063554
naive,Hex72,3,8,0.062632
naive,Hex72,3,9,0.062444
naive,Hex72,3,10,0.063187
naive,Hex72,3,11,0.062844
naive,Hex72,3,12,0.063197
naive,Hex72,3,13,0.063066
naive,Hex72,3,14,0.063122
naive,Hex72,3,15,0.062606
naive,Hex72,3,16,0.063328
naive,Hex72,3,17,0.065171
naive,Hex72,3,18,0.062657
naive,Hex72,3,19,0.062447
naive,Hex72,3,20,0.062569
naive,Hex72,4,1,0.050794
naive,Hex72,4,2,0.055851
naive,Hex72,4,3,0.05276
naive,Hex72,4,4,0.050419
naive,Hex72,4,5,0.051137
naive,Hex72,4,6,0.050627
naive,Hex72,4,7,0.0506
naive,Hex72,4,8,0.050199
naive,Hex72,4,9,0.050216
naive,Hex72,4,10,0.050548
naive,Hex72,4,11,0.051219
naive,Hex72,4,12,0.050487
naive,Hex72,4,13,0.050226
naive,Hex72,4,14,0.05048
naive,Hex72,4,15,0.055564
naive,Hex72,4,16,0.063616
naive,Hex72,4,17,0.050447
naive,Hex72,4,18,0.050064
naive,Hex72,4,19,0.050557
naive,Hex72,4,20,0.050821
naive,Hex72,5,1,0.051422
naive,Hex72,5,2,0.050931
naive,Hex72,5,3,0.05104
naive,Hex72,5,4,0.050984
naive,Hex72,5,5,0.055602
naive,Hex72,5,6,0.051122
naive,Hex72,5,7,0.051433
naive,Hex72,5,8,0.056033
naive,Hex72,5,9,0.055817
naive,Hex72,5,10,0.050397
naive,Hex72,5,11,0.0512
naive,Hex72,5,12,0.050784
naive,Hex72,5,13,0.05114
naive,Hex72,5,14,0.05153
naive,Hex72,5,15,0.050499
naive,Hex72,5,16,0.051053
naive,Hex72,5,17,0.050783
naive,Hex72,5,18,0.050486
naive,Hex72,5,19,0.051058
naive,Hex72,5,20,0.050581
naive,Poly1560,1,1,62.0757
naive,Poly1560,1,2,62.2924
naive,Poly1560,1,3,62.0687
naive,Poly1560,1,4,62.0937
naive,Poly1560,1,5,62.5309
naive,Poly1560,1,6,62.3581
naive,Poly1560,1,7,62.371
naive,Poly1560,1,8,62.366
naive,Poly1560,1,9,62.3524
naive,Poly1560,1,10,62.3003
naive,Poly1560,1,11,62.1996
naive,Poly1560,1,12,62.4879
naive,Poly1560,1,13,62.4596
naive,Poly1560,1,14,74.2491
naive,Poly1560,1,15,62.504
naive,Poly1560,1,16,62.213
naive,Poly1560,1,17,62.331
naive,Poly1560,1,18,62.2204
naive,Poly1560,1,19,62.1824
naive,Poly1560,1,20,62.2289
naive,Poly1560,2,1,6.8566
naive,Poly1560,2,2,6.71533
naive,Poly1560,2,3,6.7112
naive,Poly1560,2,4,6.67913
naive,Poly1560,2,5,6.7201
naive,Poly1560,2,6,6.70157
naive,Poly1560,2,7,6.72334
naive,Poly1560,2,8,6.68832
naive,Poly1560,2,9,6.71384
naive,Poly1560,2,10,6.6736
naive,Poly1560,2,11,6.70906
naive,Poly1560,2,12,6.72408
naive,Poly1560,2,13,6.69925
naive,Poly1560,2,14,6.70272
naive,Poly1560,2,15,6.73033
naive,Poly1560,2,16,6.69429
naive,Poly1560,2,17,6.70652
naive,Poly1560,2,18,6.67588
naive,Poly1560,2,19,6.70045
naive,Poly1560,2,20,6.70876
naive,Poly1560,3,1,1.70816
naive,Poly1560,3,2,1.70655
naive,Poly1560,3,3,1.71117
naive,Poly1560,3,4,1.70517
naive,Poly1560,3,5,1.706
naive,Poly1560,3,6,1.70294
naive,Poly1560,3,7,1.70794
naive,Poly1560,3,8,1.69789
naive,Poly1560,3,9,1.70971
naive,Poly1560,3,10,1.71501
naive,Poly1560,3,11,1.71086
naive,Poly1560,3,12,1.70272
naive,Poly1560,3,13,1.70369
naive,Poly1560,3,14,1.71006
naive,Poly1560,3,15,1.70363
naive,Poly1560,3,16,1.70212
naive,Poly1560,3,17,1.71067
naive,Poly1560,3,18,1.71079
naive,Poly1560,3,19,1.71292
naive,Poly1560,3,20,1.70155
naive,Poly1560,4,1,1.48532
naive,Poly1560,4,2,1.51254
naive,Poly1560,4,3,1.50581
naive,Poly1560,4,4,1.51088
naive,Poly1560,4,5,1.50804
naive,Poly1560,4,6,1.50904
naive,Poly1560,4,7,1.50552
naive,Poly1560,4,8,1.5077
naive,Poly1560,4,9,1.53527
naive,Poly1560,4,10,1.50921
naive,Poly1560,4,11,1.50976
naive,Poly1560,4,12,1.50934
naive,Poly1560,4,13,1.50528
naive,Poly1560,4,14,1.5018
naive,Poly1560,4,15,1.50514
naive,Poly1560,4,16,1.51075
naive,Poly1560,4,17,1.50918
naive,Poly1560,4,18,1.5082
naive,Poly1560,4,19,1.50897
naive,Poly1560,4,20,1.50642
naive,Poly1560,5,1,1.50616
naive,Poly1560,5,2,1.5103
naive,Poly1560,5,3,1.70199
naive,Poly1560,5,4,1.51287
naive,Poly1560,5,5,1.50772
naive,Poly1560,5,6,1.50699
naive,Poly1560,5,7,1.50755
naive,Poly1560,5,8,1.50953
naive,Poly1560,5,9,1.5049
naive,Poly1560,5,10,1.51608
naive,Poly1560,5,11,1.52517
naive,Poly1560,5,12,1.52962
naive,Poly1560,5,13,1.51385
naive,Poly1560,5,14,1.51115
naive,Poly1560,5,15,1.50952
naive,Poly1560,5,16,1.50642
naive,Poly1560,5,17,1.51306
naive,Poly1560,5,18,1.51023
naive,Poly1560,5,19,1.5159
naive,Poly1560,5,20,1.50827
naive,Poly264,1,1,20.0797
naive,Poly264,1,2,20.0201
naive,Poly264,1,3,19.913
naive,Poly264,1,4,20.0272
naive,Poly264,1,5,20.0437
naive,Poly264,1,6,19.9985
naive,Poly264,1,7,19.9783
naive,Poly264,1,8,19.9078
naive,Poly264,1,9,19.9091
naive,Poly264,1,10,20.0458
naive,Poly264,1,11,20.021
naive,Poly264,1,12,19.9696
naive,Poly264,1,13,20.0663
naive,Poly264,1,14,19.9748
naive,Poly264,1,15,20.2145
naive,Poly264,1,16,20.0029
naive,Poly264,1,17,20.0904
naive,Poly264,1,18,19.9127
naive,Poly264,1,19,20.0713
naive,Poly264,1,20,19.9831
naive,Poly264,2,1,1.03499
naive,Poly264,2,2,1.01524
naive,Poly264,2,3,1.00456
naive,Poly264,2,4,1.00399
naive,Poly264,2,5,1.00443
naive,Poly264,2,6,1.00772
naive,Poly264,2,7,1.01139
naive,Poly264,2,8,1.00667
naive,Poly264,2,9,1.01206
naive,Poly264,2,10,1.01087
naive,Poly264,2,11,1.11117
naive,Poly264,2,12,1.01246
naive,Poly264,2,13,1.00869
naive,Poly264,2,14,1.28008
naive,Poly264,2,15,1.00919
naive,Poly264,2,16,1.00873
naive,Poly264,2,17,1.0119
naive,Poly264,2,18,1.00726
naive,Poly264,2,19,1.00667
naive,Poly264,2,20,1.01139
naive,Poly264,3,1,0.648786
naive,Poly264,3,2,0.649321
naive,Poly264,3,3,0.646501
naive,Poly264,3,4,0.648124
naive,Poly264,3,5,0.648282
naive,Poly264,3,6,0.646769
naive,Poly264,3,7,0.647061
naive,Poly264,3,8,0.646285
naive,Poly264,3,9,0.650204
naive,Poly264,3,10,0.650178
naive,Poly264,3,11,0.651804
naive,Poly264,3,12,0.645314
naive,Poly264,3,13,0.646403
naive,Poly264,3,14,0.64882
naive,Poly264,3,15,0.651663
naive,Poly264,3,16,0.645279
naive,Poly264,3,17,0.646493
naive,Poly264,3,18,0.646915
naive,Poly264,3,19,0.646605
naive,Poly264,3,20,0.648814
naive,Poly264,4,1,0.395253
naive,Poly264,4,2,0.396781
naive,Poly264,4,3,0.398395
naive,Poly264,4,4,0.39656
naive,Poly264,4,5,0.396976
naive,Poly264,4,6,0.398895
naive,Poly264,4,7,0.395905
naive,Poly264,4,8,0.398993
naive,Poly264,4,9,0.394783
naive,Poly264,4,10,0.395939
naive,Poly264,4,11,0.39623
naive,Poly264,4,12,0.396539
naive,Poly264,4,13,0.404217
naive,Poly264,4,14,0.397415
naive,Poly264,4,15,0.39669
naive,Poly264,4,16,0.398043
naive,Poly264,4,17,0.395389
naive,Poly264,4,18,0.39658
naive,Poly264,4,19,0.396589
naive,Poly264,4,20,0.397539
naive,Poly264,5,1,0.368685
naive,Poly264,5,2,0.36496
naive,Poly264,5,3,0.36188
naive,Poly264,5,4,0.36311
naive,Poly264,5,5,0.367819
naive,Poly264,5,6,0.368103
naive,Poly264,5,7,0.36768
naive,Poly264,5,8,0.36366
naive,Poly264,5,9,0.363025
naive,Poly264,5,10,0.362526
naive,Poly264,5,11,0.362404
naive,Poly264,5,12,0.362353
naive,Poly264,5,13,0.36236
naive,Poly264,5,14,0.36823
naive,Poly264,5,15,0.366995
naive,Poly264,5,16,0.383073
naive,Poly264,5,17,0.360889
naive,Poly264,5,18,0.362135
naive,Poly264,5,19,0.362032
naive,Poly264,5,20,0.363196
naive,Poly468,1,1,23.9193
naive,Poly468,1,2,24.0705
naive,Poly468,1,3,28.8622
naive,Poly468,1,4,23.9554
naive,Poly468,1,5,23.975
naive,Poly468,1,6,24.0556
naive,Poly468,1,7,24.0686
naive,Poly468,1,8,24.0658
naive,Poly468,1,9,24.0505
naive,Poly468,1,10,24.0488
naive,Poly468,1,11,24.0496
naive,Poly468,1,12,24.1648
naive,Poly468,1,13,24.0259
naive,Poly468,1,14,24.0137
naive,Poly468,1,15,24.1171
naive,Poly468,1,16,23.9608
naive,Poly468,1,17,24.1376
naive,Poly468,1,18,23.9956
naive,Poly468,1,19,24.0425
naive,Poly468,1,20,23.967
naive,Poly468,2,1,1.66125
naive,Poly468,2,2,1.62266
naive,Poly468,2,3,1.63043
naive,Poly468,2,4,1.62027
naive,Poly468,2,5,1.63428
naive,Poly468,2,6,1.62874
naive,Poly468,2,7,1.65957
naive,Poly468,2,8,1.625
naive,Poly468,2,9,1.62711
naive,Poly468,2,10,1.62236
naive,Poly468,2,11,1.63274
naive,Poly468,2,12,1.62437
naive,Poly468,2,13,1.62942
naive,Poly468,2,14,1.62736
naive,Poly468,2,15,1.62842
naive,Poly468,2,16,1.6231
naive,Poly468,2,17,1.6223
naive,Poly468,2,18,1.63135
naive,Poly468,2,19,1.62337
naive,Poly468,2,20,1.62877
naive,Poly468,3,1,0.586104
naive,Poly468,3,2,0.589031
naive,Poly468,3,3,0.621514
naive,Poly468,3,4,0.589129
naive,Poly468,3,5,0.584832
naive,Poly468,3,6,0.601766
naive,Poly468,3,7,0.601608
naive,Poly468,3,8,0.600999
naive,Poly468,3,9,0.604165
naive,Poly468,3,10,0.605435
naive,Poly468,3,11,0.604433
naive,Poly468,3,12,0.60545
naive,Poly468,3,13,0.604275
naive,Poly468,3,14,0.605475
naive,Poly468,3,15,0.605692
naive,Poly468,3,16,0.605179
naive,Poly468,3,17,0.608151
naive,Poly468,3,18,0.604437
naive,Poly468,3,19,0.604225
naive,Poly468,3,20,0.604288
naive,Poly468,4,1,0.460607
naive,Poly468,4,2,0.461493
naive,Poly468,4,3,0.457969
naive,Poly468,4,4,0.457809
naive,Poly468,4,5,0.459435
naive,Poly468,4,6,0.477179
naive,Poly468,4,7,0.491668
naive,Poly468,4,8,0.458772
naive,Poly468,4,9,0.460569
naive,Poly468,4,10,0.459789
naive,Poly468,4,11,0.460171
naive,Poly468,4,12,0.466857
naive,Poly468,4,13,0.45928
naive,Poly468,4,14,0.456402
naive,Poly468,4,15,0.456768
naive,Poly468,4,16,0.458585
naive,Poly468,4,17,0.458734
naive,Poly468,4,18,0.459126
naive,Poly468,4,19,0.459265
naive,Poly468,4,20,0.458057
naive,Poly468,5,1,0.429203
naive,Poly468,5,2,0.428024
naive,Poly468,5,3,0.430215
naive,Poly468,5,4,0.429329
naive,Poly468,5,5,0.427977
naive,Poly468,5,6,0.429316
naive,Poly468,5,7,0.428031
naive,Poly468,5,8,0.42924
naive,Poly468,5,9,0.427959
naive,Poly468,5,10,0.428514
naive,Poly468,5,11,0.430126
naive,Poly468,5,12,0.42973
naive,Poly468,5,13,0.431019
naive,Poly468,5,14,0.428432
naive,Poly468,5,15,0.451894
naive,Poly468,5,16,0.430176
naive,Poly468,5,17,0.429872
naive,Poly468,5,18,0.429204
naive,Poly468,5,19,0.429937
naive,Poly468,5,20,0.429045
naive,Poly940,1,1,34.0034
naive,Poly940,1,2,33.9374
naive,Poly940,1,3,33.9412
naive,Poly940,1,4,37.1863
naive,Poly940,1,5,33.9625
naive,Poly940,1,6,34.0165
naive,Poly940,1,7,33.8868
naive,Poly940,1,8,38.0313
naive,Poly940,1,9,34.0789
naive,Poly940,1,10,37.2827
naive,Poly940,1,11,33.9388
naive,Poly940,1,12,33.9871
naive,Poly940,1,13,33.8878
naive,Poly940,1,14,33.9815
naive,Poly940,1,15,33.9318
naive,Poly940,1,16,33.8536
naive,Poly940,1,17,33.9551
naive,Poly940,1,18,33.9627
naive,Poly940,1,19,33.9639
naive,Poly940,1,20,38.0923
naive,Poly940,2,1,3.83033
naive,Poly940,2,2,3.39671
naive,Poly940,2,3,3.39085
naive,Poly940,2,4,3.42212
naive,Poly940,2,5,3.40068
naive,Poly940,2,6,3.4166
naive,Poly940,2,7,3.4017
naive,Poly940,2,8,3.42072
naive,Poly940,2,9,3.39282
naive,Poly940,2,10,3.40153
naive,Poly940,2,11,3.3945
naive,Poly940,2,12,3.41588
naive,Poly940,2,13,3.41172
naive,Poly940,2,14,3.40298
naive,Poly940,2,15,3.39577
naive,Poly940,2,16,3.42143
naive,Poly940,2,17,3.40061
naive,Poly940,2,18,3.41691
naive,Poly940,2,19,3.43465
naive,Poly940,2,20,3.41469
naive,Poly940,3,1,1.07797
naive,Poly940,3,2,1.07457
naive,Poly940,3,3,1.0815
naive,Poly940,3,4,1.07924
naive,Poly940,3,5,1.08327
naive,Poly940,3,6,1.0796
naive,Poly940,3,7,1.07793
naive,Poly940,3,8,1.07836
naive,Poly940,3,9,1.07739
naive,Poly940,3,10,1.07679
naive,Poly940,3,11,1.07621
naive,Poly940,3,12,1.07583
naive,Poly940,3,13,1.08586
naive,Poly940,3,14,1.07758
naive,Poly940,3,15,1.07655
naive,Poly940,3,16,1.07628
naive,Poly940,3,17,1.07762
naive,Poly940,3,18,1.09723
naive,Poly940,3,19,1.09612
naive,Poly940,3,20,1.09274
naive,Poly940,4,1,0.913173
naive,Poly940,4,2,0.914819
naive,Poly940,4,3,0.915261
naive,Poly940,4,4,0.914819
naive,Poly940,4,5,0.91626
naive,Poly940,4,6,0.917023
naive,Poly940,4,7,0.935957
naive,Poly940,4,8,0.916994
naive,Poly940,4,9,0.914409
naive,Poly940,4,10,0.913259
naive,Poly940,4,11,0.975888
naive,Poly940,4,12,0.912675
naive,Poly940,4,13,0.915735
naive,Poly940,4,14,0.915822
naive,Poly940,4,15,0.914515
naive,Poly940,4,16,0.915427
naive,Poly940,4,17,0.91447
naive,Poly940,4,18,0.913427
naive,Poly940,4,19,0.912754
naive,Poly940,4,20,0.915039
naive,Poly940,5,1,0.875401
naive,Poly940,5,2,0.872729
naive,Poly940,5,3,0.892888
naive,Poly940,5,4,0.889432
naive,Poly940,5,5,0.876908
naive,Poly940,5,6,0.875324
naive,Poly940,5,7,0.875679
naive,Poly940,5,8,0.875264
naive,Poly940,5,9,0.874679
naive,Poly940,5,10,0.879733
naive,Poly940,5,11,0.877367
naive,Poly940,5,12,0.891867
naive,Poly940,5,13,0.875547
naive,Poly940,5,14,0.874871
naive,Poly940,5,15,0.877376
naive,Poly940,5,16,0.873925
naive,Poly940,5,17,0.880929
naive,Poly940,5,18,0.887355
naive,Poly940,5,19,0.886549
naive,Poly940,5,20,0.875352
naive,Tet1331,2,1,73.6247
naive,Tet1331,2,2,70.723
naive,Tet1331,2,3,70.7617
naive,Tet1331,2,4,70.8539
naive,Tet1331,2,5,70.6836
naive,Tet1331,2,6,70.7832
naive,Tet1331,2,7,70.6803
naive,Tet1331,2,8,73.8177
naive,Tet1331,2,9,70.8207
naive,Tet1331,2,10,70.6993
naive,Tet1331,2,11,70.8132
naive,Tet1331,2,12,72.0619
naive,Tet1331,2,13,70.8206
naive,Tet1331,2,14,70.897
naive,Tet1331,2,15,70.9856
naive,Tet1331,2,16,71.18
naive,Tet1331,2,17,70.7888
naive,Tet1331,2,18,71.04
naive,Tet1331,2,19,70.6806
naive,Tet1331,2,20,70.6725
naive,Tet1331,3,1,9.59904
naive,Tet1331,3,2,9.60667
naive,Tet1331,3,3,9.61115
naive,Tet1331,3,4,9.58913
naive,Tet1331,3,5,9.71614
naive,Tet1331,3,6,9.60871
naive,Tet1331,3,7,9.57526
naive,Tet1331,3,8,9.5778
naive,Tet1331,3,9,9.56935
naive,Tet1331,3,10,9.56829
naive,Tet1331,3,11,9.64453
naive,Tet1331,3,12,9.57327
naive,Tet1331,3,13,9.61336
naive,Tet1331,3,14,9.58672
naive,Tet1331,3,15,9.63941
naive,Tet1331,3,16,9.75712
naive,Tet1331,3,17,9.57065
naive,Tet1331,3,18,9.59455
naive,Tet1331,3,19,9.56333
naive,Tet1331,3,20,9.56272
naive,Tet1331,4,1,6.64889
naive,Tet1331,4,2,6.63528
naive,Tet1331,4,3,6.65211
naive,Tet1331,4,4,6.65287
naive,Tet1331,4,5,6.65886
naive,Tet1331,4,6,6.66399
naive,Tet1331,4,7,6.6657
naive,Tet1331,4,8,6.7649
naive,Tet1331,4,9,6.66649
naive,Tet1331,4,10,6.67447
naive,Tet1331,4,11,6.67403
naive,Tet1331,4,12,6.66589
naive,Tet1331,4,13,6.65167
naive,Tet1331,4,14,6.6539
naive,Tet1331,4,15,6.68416
naive,Tet1331,4,16,6.76683
naive,Tet1331,4,17,6.70581
naive,Tet1331,4,18,6.66432
naive,Tet1331,4,19,6.66395
naive,Tet1331,4,20,6.89641
naive,Tet1331,5,1,5.08852
naive,Tet1331,5,2,5.21487
naive,Tet1331,5,3,5.05475
naive,Tet1331,5,4,5.06258
naive,Tet1331,5,5,5.04754
naive,Tet1331,5,6,5.11346
naive,Tet1331,5,7,5.1981
naive,Tet1331,5,8,5.07422
naive,Tet1331,5,9,5.04311
naive,Tet1331,5,10,5.04767
naive,Tet1331,5,11,5.07078
naive,Tet1331,5,12,5.06824
naive,Tet1331,5,13,5.06219
naive,Tet1331,5,14,5.06402
naive,Tet1331,5,15,5.05923
naive,Tet1331,5,16,5.05333
naive,Tet1331,5,17,5.05396
naive,Tet1331,5,18,5.05223
naive,Tet1331,5,19,5.05566
naive,Tet1331,5,20,5.06046
naive,Tet137,1,1,146.954
naive,Tet137,1,2,147.461
naive,Tet137,1,3,147.467
naive,Tet137,1,4,149.362
naive,Tet137,1,5,147.105
naive,Tet137,1,6,147.37
naive,Tet137,1,7,146.572
naive,Tet137,1,8,147.831
naive,Tet137,1,9,147.667
naive,Tet137,1,10,147.305
naive,Tet137,1,11,146.343
naive,Tet137,1,12,146.74
naive,Tet137,1,13,146.008
naive,Tet137,1,14,146.696
naive,Tet137,1,15,147.057
naive,Tet137,1,16,147.085
naive,Tet137,1,17,147.361
naive,Tet137,1,18,147.675
naive,Tet137,1,19,146.782
naive,Tet137,1,20,147.327
naive,Tet137,2,1,5.70883
naive,Tet137,2,2,5.58698
naive,Tet137,2,3,5.62878
naive,Tet137,2,4,5.5645
naive,Tet137,2,5,5.5642
naive,Tet137,2,6,5.56505
naive,Tet137,2,7,5.87674
naive,Tet137,2,8,5.54162
naive,Tet137,2,9,5.56741
naive,Tet137,2,10,5.54084
naive,Tet137,2,11,5.55845
naive,Tet137,2,12,5.5455
naive,Tet137,2,13,5.54213
naive,Tet137,2,14,5.52836
naive,Tet137,2,15,5.54986
naive,Tet137,2,16,5.52886
naive,Tet137,2,17,5.56079
naive,Tet137,2,18,5.54016
naive,Tet137,2,19,5.52967
naive,Tet137,2,20,5.5197
naive,Tet137,3,1,1.05827
naive,Tet137,3,2,1.06359
naive,Tet137,3,3,1.05846
naive,Tet137,3,4,1.05736
naive,Tet137,3,5,1.0536
naive,Tet137,3,6,1.06084
naive,Tet137,3,7,1.05735
naive,Tet137,3,8,1.05698
naive,Tet137,3,9,1.05488
naive,Tet137,3,10,1.06167
naive,Tet137,3,11,1.05668
naive,Tet137,3,12,1.05901
naive,Tet137,3,13,1.06589
naive,Tet137,3,14,1.05917
naive,Tet137,3,15,1.05831
naive,Tet137,3,16,1.05805
naive,Tet137,3,17,1.05406
naive,Tet137,3,18,1.06637
naive,Tet137,3,19,1.05785
naive,Tet137,3,20,1.0617
naive,Tet137,4,1,0.843542
naive,Tet137,4,2,0.836149
naive,Tet137,4,3,0.837134
naive,Tet137,4,4,0.834149
naive,Tet137,4,5,0.836987
naive,Tet137,4,6,0.834348
naive,Tet137,4,7,0.834153
naive,Tet137,4,8,0.832883
naive,Tet137,4,9,0.832782
naive,Tet137,4,10,0.832069
naive,Tet137,4,11,0.832475
naive,Tet137,4,12,0.835336
naive,Tet137,4,13,0.8341
naive,Tet137,4,14,0.838188
naive,Tet137,4,15,0.837713
naive,Tet137,4,16,0.844301
naive,Tet137,4,17,0.842765
naive,Tet137,4,18,0.837275
naive,Tet137,4,19,0.834237
naive,Tet137,4,20,0.832141
naive,Tet137,5,1,0.57343
naive,Tet137,5,2,0.574555
naive,Tet137,5,3,0.57472
naive,Tet137,5,4,0.607813
naive,Tet137,5,5,0.577111
naive,Tet137,5,6,0.572267
naive,Tet137,5,7,0.576993
naive,Tet137,5,8,0.576318
naive,Tet137,5,9,0.574153
naive,Tet137,5,10,0.575518
naive,Tet137,5,11,0.57442
naive,Tet137,5,12,0.619946
naive,Tet137,5,13,0.577188
naive,Tet137,5,14,0.574406
naive,Tet137,5,15,0.57526
naive,Tet137,5,16,0.582286
naive,Tet137,5,17,0.576186
naive,Tet137,5,18,0.572701
naive,Tet137,5,19,0.576983
naive,Tet137,5,20,0.57366
naive,Tet1820,1,1,524.74
naive,Tet1820,1,2,526.834
naive,Tet1820,1,3,526.196
naive,Tet1820,1,4,527.341
naive,Tet1820,1,5,526.465
naive,Tet1820,1,6,528.394
naive,Tet1820,1,7,536.609
naive,Tet1820,1,8,525.149
naive,Tet1820,1,9,525.245
naive,Tet1820,1,10,526.975
naive,Tet1820,1,11,524.953
naive,Tet1820,1,12,526.576
naive,Tet1820,1,13,525.982
naive,Tet1820,1,14,529.327
naive,Tet1820,1,15,539.015
naive,Tet1820,1,16,527.951
naive,Tet1820,1,17,528.742
naive,Tet1820,1,18,527.157
naive,Tet1820,1,19,525.769
naive,Tet1820,1,20,527.866
naive,Tet1820,2,1,47.5219
naive,Tet1820,2,2,46.3158
naive,Tet1820,2,3,46.3645
naive,Tet1820,2,4,46.7767
naive,Tet1820,2,5,46.258
naive,Tet1820,2,6,46.3948
naive,Tet1820,2,7,46.2021
naive,Tet1820,2,8,46.2773
naive,Tet1820,2,9,46.2268
naive,Tet1820,2,10,46.3263
naive,Tet1820,2,11,46.2787
naive,Tet1820,2,12,46.2282
naive,Tet1820,2,13,46.3552
naive,Tet1820,2,14,46.2272
naive,Tet1820,2,15,46.2078
naive,Tet1820,2,16,46.2164
naive,Tet1820,2,17,46.1993
naive,Tet1820,2,18,46.5816
naive,Tet1820,2,19,46.1961
naive,Tet1820,2,20,46.2094
naive,Tet1820,3,1,7.12913
naive,Tet1820,3,2,7.12903
naive,Tet1820,3,3,7.08963
naive,Tet1820,3,4,7.09497
naive,Tet1820,3,5,7.13229
naive,Tet1820,3,6,7.11852
naive,Tet1820,3,7,7.1073
naive,Tet1820,3,8,7.09985
naive,Tet1820,3,9,7.08248
naive,Tet1820,3,10,7.08279
naive,Tet1820,3,11,7.09032
naive,Tet1820,3,12,7.32938
naive,Tet1820,3,13,7.09172
naive,Tet1820,3,14,7.0969
naive,Tet1820,3,15,7.11023
naive,Tet1820,3,16,7.09327
naive,Tet1820,3,17,7.09713
naive,Tet1820,3,18,7.10393
naive,Tet1820,3,19,7.09914
naive,Tet1820,3,20,7.11335
naive,Tet1820,4,1,5.7924
naive,Tet1820,4,2,5.82809
naive,Tet1820,4,3,5.79785
naive,Tet1820,4,4,5.79541
naive,Tet1820,4,5,5.84506
naive,Tet1820,4,6,5.79387
naive,Tet1820,4,7,6.0198
naive,Tet1820,4,8,5.83774
naive,Tet1820,4,9,5.86619
naive,Tet1820,4,10,5.83219
naive,Tet1820,4,11,5.86657
naive,Tet1820,4,12,5.84535
naive,Tet1820,4,13,5.8531
naive,Tet1820,4,14,5.87963
naive,Tet1820,4,15,5.84184
naive,Tet1820,4,16,5.88362
naive,Tet1820,4,17,5.85795
naive,Tet1820,4,18,5.84928
naive,Tet1820,4,19,5.85955
naive,Tet1820,4,20,5.86311
naive,Tet1820,5,1,4.99873
naive,Tet1820,5,2,4.98877
naive,Tet1820,5,3,5.00477
naive,Tet1820,5,4,5.01758
naive,Tet1820,5,5,5.00232
naive,Tet1820,5,6,4.98475
naive,Tet1820,5,7,4.99959
naive,Tet1820,5,8,4.99589
naive,Tet1820,5,9,4.98274
naive,Tet1820,5,10,5.02309
naive,Tet1820,5,11,4.99914
naive,Tet1820,5,12,4.99922
naive,Tet1820,5,13,5.05245
naive,Tet1820,5,14,5.0106
naive,Tet1820,5,15,4.99487
naive,Tet1820,5,16,4.99715
naive,Tet1820,5,17,4.99668
naive,Tet1820,5,18,4.98527
naive,Tet1820,5,19,5.01305
naive,Tet1820,5,20,5.0203
naive,Tet298,1,1,63.8066
naive,Tet298,1,2,63.9473
naive,Tet298,1,3,64.2155
naive,Tet298,1,4,64.0078
naive,Tet298,1,5,63.9222
naive,Tet298,1,6,65.2817
naive,Tet298,1,7,66.6711
naive,Tet298,1,8,64.0993
naive,Tet298,1,9,63.9519
naive,Tet298,1,10,63.954
naive,Tet298,1,11,63.863
naive,Tet298,1,12,64.0476
naive,Tet298,1,13,64.3097
naive,Tet298,1,14,64.1341
naive,Tet298,1,15,63.9467
naive,Tet298,1,16,64.0062
naive,Tet298,1,17,64.1718
naive,Tet298,1,18,63.9076
naive,Tet298,1,19,63.9647
naive,Tet298,1,20,63.9799
naive,Tet298,2,1,2.7558
naive,Tet298,2,2,2.71508
naive,Tet298,2,3,2.49413
naive,Tet298,2,4,2.49722
naive,Tet298,2,5,2.49446
naive,Tet298,2,6,2.53199
naive,Tet298,2,7,2.50322
naive,Tet298,2,8,2.50208
naive,Tet298,2,9,2.50098
naive,Tet298,2,10,2.49709
naive,Tet298,2,11,2.50343
naive,Tet298,2,12,2.68535
naive,Tet298,2,13,2.50174
naive,Tet298,2,14,2.50489
naive,Tet298,2,15,2.49992
naive,Tet298,2,16,2.49578
naive,Tet298,2,17,2.50735
naive,Tet298,2,18,2.49941
naive,Tet298,2,19,2.4913
naive,Tet298,2,20,2.50264
naive,Tet298,3,1,1.66709
naive,Tet298,3,2,1.65344
naive,Tet298,3,3,1.64111
naive,Tet298,3,4,1.64446
naive,Tet298,3,5,1.64531
naive,Tet298,3,6,1.69723
naive,Tet298,3,7,1.67557
naive,Tet298,3,8,1.7135
naive,Tet298,3,9,1.68426
naive,Tet298,3,10,1.67496
naive,Tet298,3,11,1.68857
naive,Tet298,3,12,1.68062
naive,Tet298,3,13,1.7694
naive,Tet298,3,14,1.6747
naive,Tet298,3,15,1.67346
naive,Tet298,3,16,1.72542
naive,Tet298,3,17,1.67556
naive,Tet298,3,18,1.67436
naive,Tet298,3,19,1.67631
naive,Tet298,3,20,1.67852
naive,Tet298,4,1,0.824703
naive,Tet298,4,2,0.830824
naive,Tet298,4,3,0.824019
naive,Tet298,4,4,0.823036
naive,Tet298,4,5,0.823842
naive,Tet298,4,6,0.823385
naive,Tet298,4,7,0.825204
naive,Tet298,4,8,0.825129
naive,Tet298,4,9,0.825538
naive,Tet298,4,10,0.850873
naive,Tet298,4,11,0.825383
naive,Tet298,4,12,0.823656
naive,Tet298,4,13,0.825512
naive,Tet298,4,14,0.824988
naive,Tet298,4,15,0.82269
naive,Tet298,4,16,0.823713
naive,Tet298,4,17,0.839089
naive,Tet298,4,18,0.826622
naive,Tet298,4,19,0.82785
naive,Tet298,4,20,0.821656
naive,Tet298,5,1,0.731932
naive,Tet298,5,2,0.771369
naive,Tet298,5,3,0.730502
naive,Tet298,5,4,0.729005
naive,Tet298,5,5,0.73107
naive,Tet298,5,6,0.729507
naive,Tet298,5,7,0.730119
naive,Tet298,5,8,0.731819
naive,Tet298,5,9,0.729192
naive,Tet298,5,10,0.729838
naive,Tet298,5,11,0.730455
naive,Tet298,5,12,0.73142
naive,Tet298,5,13,0.732247
naive,Tet298,5,14,0.730761
naive,Tet298,5,15,0.729827
naive,Tet298,5,16,0.730223
naive,Tet298,5,17,0.737605
naive,Tet298,5,18,0.779038
naive,Tet298,5,19,0.730395
naive,Tet298,5,20,0.731627
naive,Tet427,1,1,30.5453
naive,Tet427,1,2,30.5522
naive,Tet427,1,3,30.4783
naive,Tet427,1,4,30.5359
naive,Tet427,1,5,30.4549
naive,Tet427,1,6,30.6034
naive,Tet427,1,7,30.432
naive,Tet427,1,8,30.5601
naive,Tet427,1,9,30.5143
naive,Tet427,1,10,30.5818
naive,Tet427,1,11,30.5597
naive,Tet427,1,12,30.6306
naive,Tet427,1,13,30.6811
naive,Tet427,1,14,30.6771
naive,Tet427,1,15,30.435
naive,Tet427,1,16,30.5878
naive,Tet427,1,17,30.5896
naive,Tet427,1,18,30.5237
naive,Tet427,1,19,30.4939
naive,Tet427,1,20,30.6169
naive,Tet427,2,1,1.84703
naive,Tet427,2,2,1.78884
naive,Tet427,2,3,1.78032
naive,Tet427,2,4,1.8057
naive,Tet427,2,5,1.78013
naive,Tet427,2,6,1.78054
naive,Tet427,2,7,1.78378
naive,Tet427,2,8,1.78622
naive,Tet427,2,9,1.7884
naive,Tet427,2,10,1.78252
naive,Tet427,2,11,1.88598
naive,Tet427,2,12,1.78533
naive,Tet427,2,13,1.79
naive,Tet427,2,14,1.80288
naive,Tet427,2,15,1.78419
naive,Tet427,2,16,1.89787
naive,Tet427,2,17,1.78539
naive,Tet427,2,18,1.78616
naive,Tet427,2,19,1.78498
naive,Tet427,2,20,1.78717
naive,Tet427,3,1,1.10047
naive,Tet427,3,2,1.09968
naive,Tet427,3,3,1.0988
naive,Tet427,3,4,1.1065
naive,Tet427,3,5,1.09771
naive,Tet427,3,6,1.1156
naive,Tet427,3,7,1.10012
naive,Tet427,3,8,1.10232
naive,Tet427,3,9,1.10077
naive,Tet427,3,10,1.09745
naive,Tet427,3,11,1.10965
naive,Tet427,3,12,1.10624
naive,Tet427,3,13,1.11067
naive,Tet427,3,14,1.12569
naive,Tet427,3,15,1.10994
naive,Tet427,3,16,1.11103
naive,Tet427,3,17,1.10639
naive,Tet427,3,18,1.11093
naive,Tet427,3,19,1.11256
naive,Tet427,3,20,1.10906
naive,Tet427,4,1,0.729763
naive,Tet427,4,2,0.722613
naive,Tet427,4,3,0.725854
naive,Tet427,4,4,0.721379
naive,Tet427,4,5,0.72363
naive,Tet427,4,6,0.722616
naive,Tet427,4,7,0.733112
naive,Tet427,4,8,0.735182
naive,Tet427,4,9,0.732495
naive,Tet427,4,10,0.731649
naive,Tet427,4,11,0.732066
naive,Tet427,4,12,0.735159
naive,Tet427,4,13,0.7348
naive,Tet427,4,14,0.733906
naive,Tet427,4,15,0.73424
naive,Tet427,4,16,0.731397
naive,Tet427,4,17,0.733879
naive,Tet427,4,18,0.733283
naive,Tet427,4,19,0.733536
naive,Tet427,4,20,0.732573
naive,Tet427,5,1,0.698228
naive,Tet427,5,2,0.698419
naive,Tet427,5,3,0.698129
naive,Tet427,5,4,0.69625
naive,Tet427,5,5,0.698116
naive,Tet427,5,6,0.765272
naive,Tet427,5,7,0.695414
naive,Tet427,5,8,0.697494
naive,Tet427,5,9,0.695767
naive,Tet427,5,10,0.692654
naive,Tet427,5,11,0.691651
naive,Tet427,5,12,0.693738
naive,Tet427,5,13,0.687822
naive,Tet427,5,14,0.688757
naive,Tet427,5,15,0.689179
naive,Tet427,5,16,0.691608
naive,Tet427,5,17,0.689646
naive,Tet427,5,18,0.68857
naive,Tet427,5,19,0.689099
naive,Tet427,5,20,0.694067
optimised,Hex1125,1,1,4.44588
optimised,Hex1125,1,2,4.37942
optimised,Hex1125,1,3,4.38251
optimised,Hex1125,1,4,4.35827
optimised,Hex1125,1,5,4.42885
optimised,Hex1125,1,6,4.32582
optimised,Hex1125,1,7,4.43764
optimised,Hex1125,1,8,4.38771
optimised,Hex1125,1,9,4.3473
optimised,Hex1125,1,10,4.42528
optimised,Hex1125,1,11,4.4017
optimised,Hex1125,1,12,4.36201
optimised,Hex1125,1,13,4.36197
optimised,Hex1125,1,14,4.37373
optimised,Hex1125,1,15,4.39557
optimised,Hex1125,1,16,4.36317
optimised,Hex1125,1,17,4.38911
optimised,Hex1125,1,18,4.40183
optimised,Hex1125,1,19,4.3672
optimised,Hex1125,1,20,4.38309
optimised,Hex1125,2,1,0.748432
optimised,Hex1125,2,2,0.708102
optimised,Hex1125,2,3,0.709903
optimised,Hex1125,2,4,0.703732
optimised,Hex1125,2,5,0.711181
optimised,Hex1125,2,6,0.70753
optimised,Hex1125,2,7,0.70685
optimised,Hex1125,2,8,0.708097
optimised,Hex1125,2,9,0.7073
optimised,Hex1125,2,10,0.706272
optimised,Hex1125,2,11,0.708452
optimised,Hex1125,2,12,0.70907
optimised,Hex1125,2,13,0.708415
optimised,Hex1125,2,14,0.709564
optimised,Hex1125,2,15,0.711993
optimised,Hex1125,2,16,0.707814
optimised,Hex1125,2,17,0.709928
optimised,Hex1125,2,18,0.705752
optimised,Hex1125,2,19,0.704857
optimised,Hex1125,2,20,0.706017
optimised,Hex1125,3,1,0.369881
optimised,Hex1125,3,2,0.368844
optimised,Hex1125,3,3,0.369873
optimised,Hex1125,3,4,0.372245
optimised,Hex1125,3,5,0.369735
optimised,Hex1125,3,6,0.372025
optimised,Hex1125,3,7,0.370824
optimised,Hex1125,3,8,0.371992
optimised,Hex1125,3,9,0.369506
optimised,Hex1125,3,10,0.370067
optimised,Hex1125,3,11,0.370958
optimised,Hex1125,3,12,0.370147
optimised,Hex1125,3,13,0.370632
optimised,Hex1125,3,14,0.37032
optimised,Hex1125,3,15,0.370094
optimised,Hex1125,3,16,0.368909
optimised,Hex1125,3,17,0.369988
optimised,Hex1125,3,18,0.370582
optimised,Hex1125,3,19,0.369526
optimised,Hex1125,3,20,0.371332
optimised,Hex1125,4,1,0.397203
optimised,Hex1125,4,2,0.396825
optimised,Hex1125,4,3,0.39634
optimised,Hex1125,4,4,0.396632
optimised,Hex1125,4,5,0.397519
optimised,Hex1125,4,6,0.396807
optimised,Hex1125,4,7,0.398062
optimised,Hex1125,4,8,0.396792
optimised,Hex1125,4,9,0.398027
optimised,Hex1125,4,10,0.396142
optimised,Hex1125,4,11,0.397021
optimised,Hex1125,4,12,0.396736
optimised,Hex1125,4,13,0.398216
optimised,Hex1125,4,14,0.394834
optimised,Hex1125,4,15,0.396385
optimised,Hex1125,4,16,0.397329
optimised,Hex1125,4,17,0.395911
optimised,Hex1125,4,18,0.396852
optimised,Hex1125,4,19,0.395919
optimised,Hex1125,4,20,0.397695
optimised,Hex1125,5,1,0.401169
optimised,Hex1125,5,2,0.404
optimised,Hex1125,5,3,0.402001
optimised,Hex1125,5,4,0.406633
optimised,Hex1125,5,5,0.404138
optimised,Hex1125,5,6,0.403471
optimised,Hex1125,5,7,0.404176
optimised,Hex1125,5,8,0.402358
optimised,Hex1125,5,9,0.402956
optimised,Hex1125,5,10,0.424998
optimised,Hex1125,5,11,0.403364
optimised,Hex1125,5,12,0.425783
optimised,Hex1125,5,13,0.403908
optimised,Hex1125,5,14,0.403069
optimised,Hex1125,5,15,0.406943
optimised,Hex1125,5,16,0.402998
optimised,Hex1125,5,17,0.404381
optimised,Hex1125,5,18,0.403509
optimised,Hex1125,5,19,0.40533
optimised,Hex1125,5,20,0.405724
optimised,Hex1944,1,1,9.74483
optimised,Hex1944,1,2,9.73682
optimised,Hex1944,1,3,9.39968
optimised,Hex1944,1,4,9.64417
optimised,Hex1944,1,5,9.72828
optimised,Hex1944,1,6,9.7219
optimised,Hex1944,1,7,9.71546
optimised,Hex1944,1,8,9.54355
optimised,Hex1944,1,9,9.6725
optimised,Hex1944,1,10,9.66454
optimised,Hex1944,1,11,9.73662
optimised,Hex1944,1,12,9.53361
optimised,Hex1944,1,13,9.6582
optimised,Hex1944,1,14,9.73286
optimised,Hex1944,1,15,9.62184
optimised,Hex1944,1,16,9.71391
optimised,Hex1944,1,17,9.60438
optimised,Hex1944,1,18,9.6066
optimised,Hex1944,1,19,9.66293
optimised,Hex1944,1,20,9.62718
optimised,Hex1944,2,1,1.65404
optimised,Hex1944,2,2,1.53171
optimised,Hex1944,2,3,1.53055
optimised,Hex1944,2,4,1.52728
optimised,Hex1944,2,5,1.53073
optimised,Hex1944,2,6,1.52673
optimised,Hex1944,2,7,1.55536
optimised,Hex1944,2,8,1.53173
optimised,Hex1944,2,9,1.52974
optimised,Hex1944,2,10,1.53067
optimised,Hex1944,2,11,1.53127
optimised,Hex1944,2,12,1.52701
optimised,Hex1944,2,13,1.52917
optimised,Hex1944,2,14,1.52949
optimised,Hex1944,2,15,1.52659
optimised,Hex1944,2,16,1.55664
optimised,Hex1944,2,17,1.53061
optimised,Hex1944,2,18,1.53183
optimised,Hex1944,2,19,1.5475
optimised,Hex1944,2,20,1.52923
optimised,Hex1944,3,1,0.700312
optimised,Hex1944,3,2,0.699302
optimised,Hex1944,3,3,0.699747
optimised,Hex1944,3,4,0.700898
optimised,Hex1944,3,5,0.700755
optimised,Hex1944,3,6,0.699232
optimised,Hex1944,3,7,0.698148
optimised,Hex1944,3,8,0.69795
optimised,Hex1944,3,9,0.697374
optimised,Hex1944,3,10,0.699643
optimised,Hex1944,3,11,0.698975
optimised,Hex1944,3,12,0.700075
optimised,Hex1944,3,13,0.699828
optimised,Hex1944,3,14,0.698931
optimised,Hex1944,3,15,0.700035
optimised,Hex1944,3,16,0.700223
optimised,Hex1944,3,17,0.698058
optimised,Hex1944,3,18,0.698827
optimised,Hex1944,3,19,0.700728
optimised,Hex1944,3,20,0.699667
optimised,Hex1944,4,1,0.662092
optimised,Hex1944,4,2,0.66014
optimised,Hex1944,4,3,0.660636
optimised,Hex1944,4,4,0.661676
optimised,Hex1944,4,5,0.6633
optimised,Hex1944,4,6,0.662274
optimised,Hex1944,4,7,0.661939
optimised,Hex1944,4,8,0.661881
optimised,Hex1944,4,9,0.660893
optimised,Hex1944,4,10,0.659615
optimised,Hex1944,4,11,0.662453
optimised,Hex1944,4,12,0.662408
optimised,Hex1944,4,13,0.660914
optimised,Hex1944,4,14,0.662076
optimised,Hex1944,4,15,0.661741
optimised,Hex1944,4,16,0.660435
optimised,Hex1944,4,17,0.66256
optimised,Hex1944,4,18,0.6598
optimised,Hex1944,4,19,0.660954
optimised,Hex1944,4,20,0.660965
optimised,Hex1944,5,1,0.663178
optimised,Hex1944,5,2,0.663658
optimised,Hex1944,5,3,0.663375
optimised,Hex1944,5,4,0.659885
optimised,Hex1944,5,5,0.661645
optimised,Hex1944,5,6,0.661946
optimised,Hex1944,5,7,0.662891
optimised,Hex1944,5,8,0.662645
optimised,Hex1944,5,9,0.664969
optimised,Hex1944,5,10,0.662289
optimised,Hex1944,5,11,0.66436
optimised,Hex1944,5,12,0.662827
optimised,Hex1944,5,13,0.662542
optimised,Hex1944,5,14,0.661753
optimised,Hex1944,5,15,0.662974
optimised,Hex1944,5,16,0.662007
optimised,Hex1944,5,17,0.661669
optimised,Hex1944,5,18,0.662924
optimised,Hex1944,5,19,0.662549
optimised,Hex1944,5,20,0.662276
optimised,Hex243,1,1,0.717121
optimised,Hex243,1,2,0.629061
optimised,Hex243,1,3,0.622888
optimised,Hex243,1,4,0.623418
optimised,Hex243,1,5,0.620999
optimised,Hex243,1,6,0.62663
optimised,Hex243,1,7,0.62341
optimised,Hex243,1,8,0.625881
optimised,Hex243,1,9,0.621742
optimised,Hex243,1,10,0.625163
optimised,Hex243,1,11,0.624526
optimised,Hex243,1,12,0.627661
optimised,Hex243,1,13,0.621621
optimised,Hex243,1,14,0.626556
optimised,Hex243,1,15,0.625082
optimised,Hex243,1,16,0.632204
optimised,Hex243,1,17,0.624628
optimised,Hex243,1,18,0.630519
optimised,Hex243,1,19,0.62767
optimised,Hex243,1,20,0.632728
optimised,Hex243,2,1,0.087591
optimised,Hex243,2,2,0.084972
optimised,Hex243,2,3,0.085339
optimised,Hex243,2,4,0.086344
optimised,Hex243,2,5,0.085384
optimised,Hex243,2,6,0.084608
optimised,Hex243,2,7,0.085623
optimised,Hex243,2,8,0.08604
optimised,Hex243,2,9,0.08764
optimised,Hex243,2,10,0.085337
optimised,Hex243,2,11,0.086016
optimised,Hex243,2,12,0.085005
optimised,Hex243,2,13,0.085246
optimised,Hex243,2,14,0.085554
optimised,Hex243,2,15,0.08611
optimised,Hex243,2,16,0.085602
optimised,Hex243,2,17,0.086206
optimised,Hex243,2,18,0.086813
optimised,Hex243,2,19,0.085164
optimised,Hex243,2,20,0.085843
optimised,Hex243,3,1,0.069566
optimised,Hex243,3,2,0.068664
optimised,Hex243,3,3,0.069856
optimised,Hex243,3,4,0.068953
optimised,Hex243,3,5,0.068822
optimised,Hex243,3,6,0.071202
optimised,Hex243,3,7,0.069138
optimised,Hex243,3,8,0.069031
optimised,Hex243,3,9,0.068975
optimised,Hex243,3,10,0.068463
optimised,Hex243,3,11,0.069375
optimised,Hex243,3,12,0.069353
optimised,Hex243,3,13,0.068655
optimised,Hex243,3,14,0.069322
optimised,Hex243,3,15,0.06933
optimised,Hex243,3,16,0.068455
optimised,Hex243,3,17,0.069626
optimised,Hex243,3,18,0.069011
optimised,Hex243,3,19,0.068919
optimised,Hex243,3,20,0.070379
optimised,Hex243,4,1,0.068848
optimised,Hex243,4,2,0.070011
optimised,Hex243,4,3,0.069608
optimised,Hex243,4,4,0.07001
optimised,Hex243,4,5,0.069607
optimised,Hex243,4,6,0.070949
optimised,Hex243,4,7,0.069819
optimised,Hex243,4,8,0.07006
optimised,Hex243,4,9,0.070121
optimised,Hex243,4,10,0.070939
optimised,Hex243,4,11,0.070127
optimised,Hex243,4,12,0.071091
optimised,Hex243,4,13,0.070011
optimised,Hex243,4,14,0.07054
optimised,Hex243,4,15,0.070217
optimised,Hex243,4,16,0.070274
optimised,Hex243,4,17,0.070234
optimised,Hex243,4,18,0.070522
optimised,Hex243,4,19,0.070512
optimised,Hex243,4,20,0.070042
optimised,Hex243,5,1,0.071792
optimised,Hex243,5,2,0.071357
optimised,Hex243,5,3,0.071634
optimised,Hex243,5,4,0.071044
optimised,Hex243,5,5,0.071077
optimised,Hex243,5,6,0.07116
optimised,Hex243,5,7,0.071319
optimised,Hex243,5,8,0.070916
optimised,Hex243,5,9,0.071527
optimised,Hex243,5,10,0.070737
optimised,Hex243,5,11,0.070886
optimised,Hex243,5,12,0.071337
optimised,Hex243,5,13,0.071487
optimised,Hex243,5,14,0.071117
optimised,Hex243,5,15,0.07125
optimised,Hex243,5,16,0.070865
optimised,Hex243,5,17,0.071666
optimised,Hex243,5,18,0.071043
optimised,Hex243,5,19,0.071377
optimised,Hex243,5,20,0.071189
optimised,Hex576,1,1,2.81592
optimised,Hex576,1,2,2.75195
optimised,Hex576,1,3,2.81
optimised,Hex576,1,4,2.76994
optimised,Hex576,1,5,2.8354
optimised,Hex576,1,6,2.82791
optimised,Hex576,1,7,2.79084
optimised,Hex576,1,8,2.76154
optimised,Hex576,1,9,2.80643
optimised,Hex576,1,10,2.79574
optimised,Hex576,1,11,2.72965
optimised,Hex576,1,12,2.8354
optimised,Hex576,1,13,2.73087
optimised,Hex576,1,14,2.7519
optimised,Hex576,1,15,2.75496
optimised,Hex576,1,16,2.79612
optimised,Hex576,1,17,2.76382
optimised,Hex576,1,18,2.81624
optimised,Hex576,1,19,2.81328
optimised,Hex576,1,20,2.84633
optimised,Hex576,2,1,0.348609
optimised,Hex576,2,2,0.321817
optimised,Hex576,2,3,0.323288
optimised,Hex576,2,4,0.328244
optimised,Hex576,2,5,0.321336
optimised,Hex576,2,6,0.321299
optimised,Hex576,2,7,0.322803
optimised,Hex576,2,8,0.321557
optimised,Hex576,2,9,0.322269
optimised,Hex576,2,10,0.32273
optimised,Hex576,2,11,0.322322
optimised,Hex576,2,12,0.322477
optimised,Hex576,2,13,0.322878
optimised,Hex576,2,14,0.32246
optimised,Hex576,2,15,0.322552
optimised,Hex576,2,16,0.318134
optimised,Hex576,2,17,0.322377
optimised,Hex576,2,18,0.321986
optimised,Hex576,2,19,0.324772
optimised,Hex576,2,20,0.32192
optimised,Hex576,3,1,0.203173
optimised,Hex576,3,2,0.202545
optimised,Hex576,3,3,0.201927
optimised,Hex576,3,4,0.207615
optimised,Hex576,3,5,0.202802
optimised,Hex576,3,6,0.203706
optimised,Hex576,3,7,0.202451
optimised,Hex576,3,8,0.203823
optimised,Hex576,3,9,0.203338
optimised,Hex576,3,10,0.207245
optimised,Hex576,3,11,0.207313
optimised,Hex576,3,12,0.207025
optimised,Hex576,3,13,0.208224
optimised,Hex576,3,14,0.206325
optimised,Hex576,3,15,0.207129
optimised,Hex576,3,16,0.207149
optimised,Hex576,3,17,0.208215
optimised,Hex576,3,18,0.206871
optimised,Hex576,3,19,0.207115
optimised,Hex576,3,20,0.207651
optimised,Hex576,4,1,0.20777
optimised,Hex576,4,2,0.2071
optimised,Hex576,4,3,0.207705
optimised,Hex576,4,4,0.207104
optimised,Hex576,4,5,0.206847
optimised,Hex576,4,6,0.206978
optimised,Hex576,4,7,0.20675
optimised,Hex576,4,8,0.207414
optimised,Hex576,4,9,0.208029
optimised,Hex576,4,10,0.20679
optimised,Hex576,4,11,0.207272
optimised,Hex576,4,12,0.207711
optimised,Hex576,4,13,0.206807
optimised,Hex576,4,14,0.207107
optimised,Hex576,4,15,0.207687
optimised,Hex576,4,16,0.209472
optimised,Hex576,4,17,0.207213
optimised,Hex576,4,18,0.206568
optimised,Hex576,4,19,0.207346
optimised,Hex576,4,20,0.207121
optimised,Hex576,5,1,0.210283
optimised,Hex576,5,2,0.223294
optimised,Hex576,5,3,0.22151
optimised,Hex576,5,4,0.221219
optimised,Hex576,5,5,0.223985
optimised,Hex576,5,6,0.221892
optimised,Hex576,5,7,0.222647
optimised,Hex576,5,8,0.222058
optimised,Hex576,5,9,0.21889
optimised,Hex576,5,10,0.217468
optimised,Hex576,5,11,0.222126
optimised,Hex576,5,12,0.222033
optimised,Hex576,5,13,0.221699
optimised,Hex576,5,14,0.222027
optimised,Hex576,5,15,0.223087
optimised,Hex576,5,16,0.22147
optimised,Hex576,5,17,0.222396
optimised,Hex576,5,18,0.220991
optimised,Hex576,5,19,0.222952
optimised,Hex576,5,20,0.222391
optimised,Hex72,1,1,0.363936
optimised,Hex72,1,2,0.324083
optimised,Hex72,1,3,0.322989
optimised,Hex72,1,4,0.325226
optimised,Hex72,1,5,0.322832
optimised,Hex72,1,6,0.326692
optimised,Hex72,1,7,0.325873
optimised,Hex72,1,8,0.324985
optimised,Hex72,1,9,0.323391
optimised,Hex72,1,10,0.327142
optimised,Hex72,1,11,0.323935
optimised,Hex72,1,12,0.328731
optimised,Hex72,1,13,0.325929
optimised,Hex72,1,14,0.326954
optimised,Hex72,1,15,0.325542
optimised,Hex72,1,16,0.328018
optimised,Hex72,1,17,0.325798
optimised,Hex72,1,18,0.327774
optimised,Hex72,1,19,0.325539
optimised,Hex72,1,20,0.328366
optimised,Hex72,2,1,0.057581
optimised,Hex72,2,2,0.05669
optimised,Hex72,2,3,0.055765
optimised,Hex72,2,4,0.055821
optimised,Hex72,2,5,0.056364
optimised,Hex72,2,6,0.054955
optimised,Hex72,2,7,0.056345
optimised,Hex72,2,8,0.055543
optimised,Hex72,2,9,0.056328
optimised,Hex72,2,10,0.054905
optimised,Hex72,2,11,0.055264
optimised,Hex72,2,12,0.055365
optimised,Hex72,2,13,0.057448
optimised,Hex72,2,14,0.055249
optimised,Hex72,2,15,0.056445
optimised,Hex72,2,16,0.055343
optimised,Hex72,2,17,0.056315
optimised,Hex72,2,18,0.055558
optimised,Hex72,2,19,0.055899
optimised,Hex72,2,20,0.055524
optimised,Hex72,3,1,0.027528
optimised,Hex72,3,2,0.026614
optimised,Hex72,3,3,0.027326
optimised,Hex72,3,4,0.025009
optimised,Hex72,3,5,0.028042
optimised,Hex72,3,6,0.025907
optimised,Hex72,3,7,0.02775
optimised,Hex72,3,8,0.025352
optimised,Hex72,3,9,0.028135
optimised,Hex72,3,10,0.02543
optimised,Hex72,3,11,0.02816
optimised,Hex72,3,12,0.025399
optimised,Hex72,3,13,0.028106
optimised,Hex72,3,14,0.024938
optimised,Hex72,3,15,0.02752
optimised,Hex72,3,16,0.025152
optimised,Hex72,3,17,0.027868
optimised,Hex72,3,18,0.025562
optimised,Hex72,3,19,0.025567
optimised,Hex72,3,20,0.025647
optimised,Hex72,4,1,0.026381
optimised,Hex72,4,2,0.02499
optimised,Hex72,4,3,0.024875
optimised,Hex72,4,4,0.024814
optimised,Hex72,4,5,0.024343
optimised,Hex72,4,6,0.025065
optimised,Hex72,4,7,0.024796
optimised,Hex72,4,8,0.024238
optimised,Hex72,4,9,0.024429
optimised,Hex72,4,10,0.024772
optimised,Hex72,4,11,0.024974
optimised,Hex72,4,12,0.025077
optimised,Hex72,4,13,0.024839
optimised,Hex72,4,14,0.024589
optimised,Hex72,4,15,0.02488
optimised,Hex72,4,16,0.024753
optimised,Hex72,4,17,0.02529
optimised,Hex72,4,18,0.025121
optimised,Hex72,4,19,0.024997
optimised,Hex72,4,20,0.024992
optimised,Hex72,5,1,0.025817
optimised,Hex72,5,2,0.025563
optimised,Hex72,5,3,0.025536
optimised,Hex72,5,4,0.025476
optimised,Hex72,5,5,0.025277
optimised,Hex72,5,6,0.025083
optimised,Hex72,5,7,0.025774
optimised,Hex72,5,8,0.025248
optimised,Hex72,5,9,0.025147
optimised,Hex72,5,10,0.02545
optimised,Hex72,5,11,0.025688
optimised,Hex72,5,12,0.025474
optimised,Hex72,5,13,0.025633
optimised,Hex72,5,14,0.02564
optimised,Hex72,5,15,0.025713
optimised,Hex72,5,16,0.024971
optimised,Hex72,5,17,0.025116
optimised,Hex72,5,18,0.02526
optimised,Hex72,5,19,0.025049
optimised,Hex72,5,20,0.025483
optimised,Poly1560,1,1,18.5962
optimised,Poly1560,1,2,18.398
optimised,Poly1560,1,3,18.4395
optimised,Poly1560,1,4,18.4446
optimised,Poly1560,1,5,18.4812
optimised,Poly1560,1,6,18.5283
optimised,Poly1560,1,7,18.4369
optimised,Poly1560,1,8,18.533
optimised,Poly1560,1,9,18.4174
optimised,Poly1560,1,10,18.5718
optimised,Poly1560,1,11,18.5154
optimised,Poly1560,1,12,18.4365
optimised,Poly1560,1,13,18.3647
optimised,Poly1560,1,14,18.6318
optimised,Poly1560,1,15,18.5586
optimised,Poly1560,1,16,18.5841
optimised,Poly1560,1,17,18.3949
optimised,Poly1560,1,18,18.5144
optimised,Poly1560,1,19,18.6066
optimised,Poly1560,1,20,18.4764
optimised,Poly1560,2,1,2.19987
optimised,Poly1560,2,2,2.06718
optimised,Poly1560,2,3,2.06266
optimised,Poly1560,2,4,2.0626
optimised,Poly1560,2,5,2.06131
optimised,Poly1560,2,6,2.07719
optimised,Poly1560,2,7,2.06663
optimised,Poly1560,2,8,2.06455
optimised,Poly1560,2,9,2.06
optimised,Poly1560,2,10,2.0643
optimised,Poly1560,2,11,2.06595
optimised,Poly1560,2,12,2.06713
optimised,Poly1560,2,13,2.0637
optimised,Poly1560,2,14,2.06474
optimised,Poly1560,2,15,2.10155
optimised,Poly1560,2,16,2.05998
optimised,Poly1560,2,17,2.06766
optimised,Poly1560,2,18,2.06599
optimised,Poly1560,2,19,2.0884
optimised,Poly1560,2,20,2.06469
optimised,Poly1560,3,1,0.693153
optimised,Poly1560,3,2,0.693938
optimised,Poly1560,3,3,0.694344
optimised,Poly1560,3,4,0.694738
optimised,Poly1560,3,5,0.694219
optimised,Poly1560,3,6,0.692276
optimised,Poly1560,3,7,0.692636
optimised,Poly1560,3,8,0.691446
optimised,Poly1560,3,9,0.6935
optimised,Poly1560,3,10,0.692425
optimised,Poly1560,3,11,0.692751
optimised,Poly1560,3,12,0.691525
optimised,Poly1560,3,13,0.692664
optimised,Poly1560,3,14,0.693371
optimised,Poly1560,3,15,0.693604
optimised,Poly1560,3,16,0.6928
optimised,Poly1560,3,17,0.692516
optimised,Poly1560,3,18,0.692456
optimised,Poly1560,3,19,0.692974
optimised,Poly1560,3,20,0.697192
optimised,Poly1560,4,1,0.710232
optimised,Poly1560,4,2,0.710695
optimised,Poly1560,4,3,0.710493
optimised,Poly1560,4,4,0.70974
optimised,Poly1560,4,5,0.711049
optimised,Poly1560,4,6,0.709846
optimised,Poly1560,4,7,0.711275
optimised,Poly1560,4,8,0.71147
optimised,Poly1560,4,9,0.711477
optimised,Poly1560,4,10,0.710544
optimised,Poly1560,4,11,0.709958
optimised,Poly1560,4,12,0.712824
optimised,Poly1560,4,13,0.710651
optimised,Poly1560,4,14,0.710777
optimised,Poly1560,4,15,0.710037
optimised,Poly1560,4,16,0.708599
optimised,Poly1560,4,17,0.709766
optimised,Poly1560,4,18,0.709569
optimised,Poly1560,4,19,0.710281
optimised,Poly1560,4,20,0.71023
optimised,Poly1560,5,1,0.79986
optimised,Poly1560,5,2,0.800359
optimised,Poly1560,5,3,0.797125
optimised,Poly1560,5,4,0.79879
optimised,Poly1560,5,5,0.79939
optimised,Poly1560,5,6,0.798672
optimised,Poly1560,5,7,0.798657
optimised,Poly1560,5,8,0.798942
optimised,Poly1560,5,9,0.799321
optimised,Poly1560,5,10,0.799523
optimised,Poly1560,5,11,0.799784
optimised,Poly1560,5,12,0.798706
optimised,Poly1560,5,13,0.799102
optimised,Poly1560,5,14,0.796526
optimised,Poly1560,5,15,0.79698
optimised,Poly1560,5,16,0.796966
optimised,Poly1560,5,17,0.798652
optimised,Poly1560,5,18,0.798345
optimised,Poly1560,5,19,0.797715
optimised,Poly1560,5,20,0.799381
optimised,Poly264,1,1,5.9802
optimised,Poly264,1,2,5.33394
optimised,Poly264,1,3,5.41528
optimised,Poly264,1,4,5.40839
optimised,Poly264,1,5,5.54981
optimised,Poly264,1,6,5.38619
optimised,Poly264,1,7,5.46428
optimised,Poly264,1,8,5.49768
optimised,Poly264,1,9,5.52509
optimised,Poly264,1,10,5.48112
optimised,Poly264,1,11,5.48741
optimised,Poly264,1,12,5.36375
optimised,Poly264,1,13,5.49557
optimised,Poly264,1,14,5.42543
optimised,Poly264,1,15,5.44651
optimised,Poly264,1,16,5.40941
optimised,Poly264,1,17,5.54268
optimised,Poly264,1,18,5.394
optimised,Poly264,1,19,5.5464
optimised,Poly264,1,20,5.38665
optimised,Poly264,2,1,0.363654
optimised,Poly264,2,2,0.34152
optimised,Poly264,2,3,0.339009
optimised,Poly264,2,4,0.337599
optimised,Poly264,2,5,0.338946
optimised,Poly264,2,6,0.339125
optimised,Poly264,2,7,0.338443
optimised,Poly264,2,8,0.336723
optimised,Poly264,2,9,0.339947
optimised,Poly264,2,10,0.338507
optimised,Poly264,2,11,0.339661
optimised,Poly264,2,12,0.339521
optimised,Poly264,2,13,0.346536
optimised,Poly264,2,14,0.340067
optimised,Poly264,2,15,0.342627
optimised,Poly264,2,16,0.339899
optimised,Poly264,2,17,0.346275
optimised,Poly264,2,18,0.34094
optimised,Poly264,2,19,0.342475
optimised,Poly264,2,20,0.344605
optimised,Poly264,3,1,0.240257
optimised,Poly264,3,2,0.239408
optimised,Poly264,3,3,0.237478
optimised,Poly264,3,4,0.241244
optimised,Poly264,3,5,0.236924
optimised,Poly264,3,6,0.237709
optimised,Poly264,3,7,0.235699
optimised,Poly264,3,8,0.236962
optimised,Poly264,3,9,0.236854
optimised,Poly264,3,10,0.237395
optimised,Poly264,3,11,0.237462
optimised,Poly264,3,12,0.237157
optimised,Poly264,3,13,0.236427
optimised,Poly264,3,14,0.237563
optimised,Poly264,3,15,0.237769
optimised,Poly264,3,16,0.23919
optimised,Poly264,3,17,0.239481
optimised,Poly264,3,18,0.240833
optimised,Poly264,3,19,0.239615
optimised,Poly264,3,20,0.23911
optimised,Poly264,4,1,0.187395
optimised,Poly264,4,2,0.186421
optimised,Poly264,4,3,0.185763
optimised,Poly264,4,4,0.188614
optimised,Poly264,4,5,0.186233
optimised,Poly264,4,6,0.185942
optimised,Poly264,4,7,0.186328
optimised,Poly264,4,8,0.186239
optimised,Poly264,4,9,0.187941
optimised,Poly264,4,10,0.186474
optimised,Poly264,4,11,0.187161
optimised,Poly264,4,12,0.186043
optimised,Poly264,4,13,0.186764
optimised,Poly264,4,14,0.187403
optimised,Poly264,4,15,0.187198
optimised,Poly264,4,16,0.186063
optimised,Poly264,4,17,0.185356
optimised,Poly264,4,18,0.187587
optimised,Poly264,4,19,0.186235
optimised,Poly264,4,20,0.185787
optimised,Poly264,5,1,0.186593
optimised,Poly264,5,2,0.183451
optimised,Poly264,5,3,0.183168
optimised,Poly264,5,4,0.182882
optimised,Poly264,5,5,0.183561
optimised,Poly264,5,6,0.183079
optimised,Poly264,5,7,0.182554
optimised,Poly264,5,8,0.183415
optimised,Poly264,5,9,0.183776
optimised,Poly264,5,10,0.184338
optimised,Poly264,5,11,0.182878
optimised,Poly264,5,12,0.184402
optimised,Poly264,5,13,0.184403
optimised,Poly264,5,14,0.187422
optimised,Poly264,5,15,0.183035
optimised,Poly264,5,16,0.182884
optimised,Poly264,5,17,0.184128
optimised,Poly264,5,18,0.187931
optimised,Poly264,5,19,0.184251
optimised,Poly264,5,20,0.183956
optimised,Poly468,1,1,6.83802
optimised,Poly468,1,2,6.83939
optimised,Poly468,1,3,6.83729
optimised,Poly468,1,4,6.75928
optimised,Poly468,1,5,6.86178
optimised,Poly468,1,6,6.72573
optimised,Poly468,1,7,6.84528
optimised,Poly468,1,8,6.74494
optimised,Poly468,1,9,6.7134
optimised,Poly468,1,10,6.81618
optimised,Poly468,1,11,6.80149
optimised,Poly468,1,12,6.82153
optimised,Poly468,1,13,6.75817
optimised,Poly468,1,14,6.74394
optimised,Poly468,1,15,6.78986
optimised,Poly468,1,16,6.77351
optimised,Poly468,1,17,6.68292
optimised,Poly468,1,18,6.70138
optimised,Poly468,1,19,6.81013
optimised,Poly468,1,20,6.83863
optimised,Poly468,2,1,0.583187
optimised,Poly468,2,2,0.548878
optimised,Poly468,2,3,0.549019
optimised,Poly468,2,4,0.550412
optimised,Poly468,2,5,0.550162
optimised,Poly468,2,6,0.54836
optimised,Poly468,2,7,0.548361
optimised,Poly468,2,8,0.549074
optimised,Poly468,2,9,0.546619
optimised,Poly468,2,10,0.553972
optimised,Poly468,2,11,0.547372
optimised,Poly468,2,12,0.548234
optimised,Poly468,2,13,0.549491
optimised,Poly468,2,14,0.549258
optimised,Poly468,2,15,0.550474
optimised,Poly468,2,16,0.550208
optimised,Poly468,2,17,0.54787
optimised,Poly468,2,18,0.54869
optimised,Poly468,2,19,0.549478
optimised,Poly468,2,20,0.548676
optimised,Poly468,3,1,0.256917
optimised,Poly468,3,2,0.255958
optimised,Poly468,3,3,0.257868
optimised,Poly468,3,4,0.256095
optimised,Poly468,3,5,0.256506
optimised,Poly468,3,6,0.257804
optimised,Poly468,3,7,0.256382
optimised,Poly468,3,8,0.256898
optimised,Poly468,3,9,0.256891
optimised,Poly468,3,10,0.257073
optimised,Poly468,3,11,0.255339
optimised,Poly468,3,12,0.258234
optimised,Poly468,3,13,0.255282
optimised,Poly468,3,14,0.257026
optimised,Poly468,3,15,0.256135
optimised,Poly468,3,16,0.256031
optimised,Poly468,3,17,0.25781
optimised,Poly468,3,18,0.257316
optimised,Poly468,3,19,0.256059
optimised,Poly468,3,20,0.257936
optimised,Poly468,4,1,0.220958
optimised,Poly468,4,2,0.220884
optimised,Poly468,4,3,0.221992
optimised,Poly468,4,4,0.222165
optimised,Poly468,4,5,0.221955
optimised,Poly468,4,6,0.221773
optimised,Poly468,4,7,0.221556
optimised,Poly468,4,8,0.221264
optimised,Poly468,4,9,0.221115
optimised,Poly468,4,10,0.220975
optimised,Poly468,4,11,0.22135
optimised,Poly468,4,12,0.221371
optimised,Poly468,4,13,0.221192
optimised,Poly468,4,14,0.221133
optimised,Poly468,4,15,0.222077
optimised,Poly468,4,16,0.221836
optimised,Poly468,4,17,0.221254
optimised,Poly468,4,18,0.221817
optimised,Poly468,4,19,0.220582
optimised,Poly468,4,20,0.220478
optimised,Poly468,5,1,0.219457
optimised,Poly468,5,2,0.219408
optimised,Poly468,5,3,0.222485
optimised,Poly468,5,4,0.219893
optimised,Poly468,5,5,0.219136
optimised,Poly468,5,6,0.220254
optimised,Poly468,5,7,0.219977
optimised,Poly468,5,8,0.219402
optimised,Poly468,5,9,0.220432
optimised,Poly468,5,10,0.218994
optimised,Poly468,5,11,0.219393
optimised,Poly468,5,12,0.219804
optimised,Poly468,5,13,0.21939
optimised,Poly468,5,14,0.220739
optimised,Poly468,5,15,0.219476
optimised,Poly468,5,16,0.219486
optimised,Poly468,5,17,0.219
optimised,Poly468,5,18,0.219956
optimised,Poly468,5,19,0.221051
optimised,Poly468,5,20,0.220552
optimised,Poly940,1,1,10.0195
optimised,Poly940,1,2,9.86069
optimised,Poly940,1,3,9.9268
optimised,Poly940,1,4,9.8629
optimised,Poly940,1,5,9.93932
optimised,Poly940,1,6,9.88777
optimised,Poly940,1,7,9.96202
optimised,Poly940,1,8,9.74643
optimised,Poly940,1,9,9.95228
optimised,Poly940,1,10,9.91636
optimised,Poly940,1,11,10.0284
optimised,Poly940,1,12,9.91726
optimised,Poly940,1,13,9.87118
optimised,Poly940,1,14,9.91981
optimised,Poly940,1,15,9.88178
optimised,Poly940,1,16,9.90419
optimised,Poly940,1,17,9.98015
optimised,Poly940,1,18,9.96024
optimised,Poly940,1,19,9.89022
optimised,Poly940,1,20,10.0022
optimised,Poly940,2,1,1.2378
optimised,Poly940,2,2,1.13389
optimised,Poly940,2,3,1.13393
optimised,Poly940,2,4,1.15982
optimised,Poly940,2,5,1.13439
optimised,Poly940,2,6,1.14126
optimised,Poly940,2,7,1.13745
optimised,Poly940,2,8,1.16567
optimised,Poly940,2,9,1.13802
optimised,Poly940,2,10,1.13866
optimised,Poly940,2,11,1.16252
optimised,Poly940,2,12,1.13558
optimised,Poly940,2,13,1.13601
optimised,Poly940,2,14,1.16523
optimised,Poly940,2,15,1.13707
optimised,Poly940,2,16,1.14088
optimised,Poly940,2,17,1.13648
optimised,Poly940,2,18,1.1365
optimised,Poly940,2,19,1.13717
optimised,Poly940,2,20,1.13411
optimised,Poly940,3,1,0.477647
optimised,Poly940,3,2,0.478735
optimised,Poly940,3,3,0.479411
optimised,Poly940,3,4,0.479132
optimised,Poly940,3,5,0.477576
optimised,Poly940,3,6,0.477862
optimised,Poly940,3,7,0.477414
optimised,Poly940,3,8,0.478587
optimised,Poly940,3,9,0.477794
optimised,Poly940,3,10,0.480571
optimised,Poly940,3,11,0.478344
optimised,Poly940,3,12,0.477485
optimised,Poly940,3,13,0.475728
optimised,Poly940,3,14,0.476734
optimised,Poly940,3,15,0.476351
optimised,Poly940,3,16,0.476637
optimised,Poly940,3,17,0.477502
optimised,Poly940,3,18,0.476247
optimised,Poly940,3,19,0.47881
optimised,Poly940,3,20,0.476963
optimised,Poly940,4,1,0.460583
optimised,Poly940,4,2,0.462434
optimised,Poly940,4,3,0.459321
optimised,Poly940,4,4,0.460441
optimised,Poly940,4,5,0.460784
optimised,Poly940,4,6,0.460338
optimised,Poly940,4,7,0.459486
optimised,Poly940,4,8,0.459774
optimised,Poly940,4,9,0.460161
optimised,Poly940,4,10,0.457976
optimised,Poly940,4,11,0.459803
optimised,Poly940,4,12,0.458592
optimised,Poly940,4,13,0.460396
optimised,Poly940,4,14,0.459976
optimised,Poly940,4,15,0.458735
optimised,Poly940,4,16,0.459573
optimised,Poly940,4,17,0.461334
optimised,Poly940,4,18,0.459295
optimised,Poly940,4,19,0.459164
optimised,Poly940,4,20,0.45945
optimised,Poly940,5,1,0.460288
optimised,Poly940,5,2,0.459623
optimised,Poly940,5,3,0.462721
optimised,Poly940,5,4,0.460895
optimised,Poly940,5,5,0.460076
optimised,Poly940,5,6,0.464657
optimised,Poly940,5,7,0.460649
optimised,Poly940,5,8,0.461139
optimised,Poly940,5,9,0.460234
optimised,Poly940,5,10,0.460461
optimised,Poly940,5,11,0.461514
optimised,Poly940,5,12,0.461146
optimised,Poly940,5,13,0.461478
optimised,Poly940,5,14,0.461585
optimised,Poly940,5,15,0.462255
optimised,Poly940,5,16,0.461763
optimised,Poly940,5,17,0.460322
optimised,Poly940,5,18,0.465699
optimised,Poly940,5,19,0.460871
optimised,Poly940,5,20,0.461866
optimised,Tet1331,2,1,19.5266
optimised,Tet1331,2,2,15.4508
optimised,Tet1331,2,3,15.3789
optimised,Tet1331,2,4,15.4071
optimised,Tet1331,2,5,15.6617
optimised,Tet1331,2,6,15.376
optimised,Tet1331,2,7,15.4323
optimised,Tet1331,2,8,15.382
optimised,Tet1331,2,9,15.3786
optimised,Tet1331,2,10,15.5267
optimised,Tet1331,2,11,15.3942
optimised,Tet1331,2,12,15.47
optimised,Tet1331,2,13,15.4084
optimised,Tet1331,2,14,15.3936
optimised,Tet1331,2,15,15.4382
optimised,Tet1331,2,16,15.3966
optimised,Tet1331,2,17,15.4422
optimised,Tet1331,2,18,15.3968
optimised,Tet1331,2,19,15.4603
optimised,Tet1331,2,20,15.4031
optimised,Tet1331,3,1,3.18787
optimised,Tet1331,3,2,3.19368
optimised,Tet1331,3,3,3.19392
optimised,Tet1331,3,4,3.19433
optimised,Tet1331,3,5,3.19157
optimised,Tet1331,3,6,3.19017
optimised,Tet1331,3,7,3.19038
optimised,Tet1331,3,8,3.18704
optimised,Tet1331,3,9,3.19005
optimised,Tet1331,3,10,3.18924
optimised,Tet1331,3,11,3.18703
optimised,Tet1331,3,12,3.18962
optimised,Tet1331,3,13,3.19267
optimised,Tet1331,3,14,3.18668
optimised,Tet1331,3,15,3.18891
optimised,Tet1331,3,16,3.18807
optimised,Tet1331,3,17,3.18973
optimised,Tet1331,3,18,3.19002
optimised,Tet1331,3,19,3.19109
optimised,Tet1331,3,20,3.18604
optimised,Tet1331,4,1,2.71767
optimised,Tet1331,4,2,2.71381
optimised,Tet1331,4,3,2.71801
optimised,Tet1331,4,4,2.71953
optimised,Tet1331,4,5,2.71722
optimised,Tet1331,4,6,2.71248
optimised,Tet1331,4,7,2.72485
optimised,Tet1331,4,8,2.72435
optimised,Tet1331,4,9,2.717
optimised,Tet1331,4,10,2.72031
optimised,Tet1331,4,11,2.7124
optimised,Tet1331,4,12,2.7168
optimised,Tet1331,4,13,2.71593
optimised,Tet1331,4,14,2.71784
optimised,Tet1331,4,15,2.71812
optimised,Tet1331,4,16,2.71637
optimised,Tet1331,4,17,2.71873
optimised,Tet1331,4,18,2.71134
optimised,Tet1331,4,19,2.71802
optimised,Tet1331,4,20,2.71316
optimised,Tet1331,5,1,2.465
optimised,Tet1331,5,2,2.462
optimised,Tet1331,5,3,2.46115
optimised,Tet1331,5,4,2.46408
optimised,Tet1331,5,5,2.46134
optimised,Tet1331,5,6,2.46466
optimised,Tet1331,5,7,2.46182
optimised,Tet1331,5,8,2.46438
optimised,Tet1331,5,9,2.46486
optimised,Tet1331,5,10,2.46531
optimised,Tet1331,5,11,2.46217
optimised,Tet1331,5,12,2.46798
optimised,Tet1331,5,13,2.45981
optimised,Tet1331,5,14,2.46263
optimised,Tet1331,5,15,2.46224
optimised,Tet1331,5,16,2.46389
optimised,Tet1331,5,17,2.4635
optimised,Tet1331,5,18,2.46625
optimised,Tet1331,5,19,2.46595
optimised,Tet1331,5,20,2.45928
optimised,Tet137,1,1,24.6823
optimised,Tet137,1,2,24.0537
optimised,Tet137,1,3,23.9304
optimised,Tet137,1,4,24.091
optimised,Tet137,1,5,23.9429
optimised,Tet137,1,6,23.8896
optimised,Tet137,1,7,24.0751
optimised,Tet137,1,8,23.9691
optimised,Tet137,1,9,23.8257
optimised,Tet137,1,10,23.9672
optimised,Tet137,1,11,23.9346
optimised,Tet137,1,12,24.1493
optimised,Tet137,1,13,24.0183
optimised,Tet137,1,14,23.9777
optimised,Tet137,1,15,24.05
optimised,Tet137,1,16,24.0673
optimised,Tet137,1,17,23.9697
optimised,Tet137,1,18,24.1254
optimised,Tet137,1,19,24.0899
optimised,Tet137,1,20,23.9555
optimised,Tet137,2,1,0.874015
optimised,Tet137,2,2,0.797463
optimised,Tet137,2,3,0.79414
optimised,Tet137,2,4,0.795331
optimised,Tet137,2,5,0.793835
optimised,Tet137,2,6,0.79599
optimised,Tet137,2,7,0.794301
optimised,Tet137,2,8,0.796372
optimised,Tet137,2,9,0.795841
optimised,Tet137,2,10,0.79994
optimised,Tet137,2,11,0.795899
optimised,Tet137,2,12,0.795199
optimised,Tet137,2,13,0.794847
optimised,Tet137,2,14,0.794593
optimised,Tet137,2,15,0.795325
optimised,Tet137,2,16,0.797757
optimised,Tet137,2,17,0.795918
optimised,Tet137,2,18,0.798139
optimised,Tet137,2,19,0.797712
optimised,Tet137,2,20,0.796229
optimised,Tet137,3,1,0.340003
optimised,Tet137,3,2,0.339166
optimised,Tet137,3,3,0.338453
optimised,Tet137,3,4,0.337765
optimised,Tet137,3,5,0.339687
optimised,Tet137,3,6,0.338802
optimised,Tet137,3,7,0.339086
optimised,Tet137,3,8,0.338882
optimised,Tet137,3,9,0.338727
optimised,Tet137,3,10,0.339457
optimised,Tet137,3,11,0.337799
optimised,Tet137,3,12,0.339327
optimised,Tet137,3,13,0.338526
optimised,Tet137,3,14,0.338363
optimised,Tet137,3,15,0.338769
optimised,Tet137,3,16,0.339682
optimised,Tet137,3,17,0.338498
optimised,Tet137,3,18,0.337505
optimised,Tet137,3,19,0.338701
optimised,Tet137,3,20,0.336756
optimised,Tet137,4,1,0.299819
optimised,Tet137,4,2,0.297887
optimised,Tet137,4,3,0.300925
optimised,Tet137,4,4,0.298986
optimised,Tet137,4,5,0.298234
optimised,Tet137,4,6,0.298502
optimised,Tet137,4,7,0.297534
optimised,Tet137,4,8,0.296915
optimised,Tet137,4,9,0.299751
optimised,Tet137,4,10,0.300768
optimised,Tet137,4,11,0.298799
optimised,Tet137,4,12,0.297281
optimised,Tet137,4,13,0.298084
optimised,Tet137,4,14,0.297211
optimised,Tet137,4,15,0.298251
optimised,Tet137,4,16,0.30254
optimised,Tet137,4,17,0.297299
optimised,Tet137,4,18,0.298009
optimised,Tet137,4,19,0.297041
optimised,Tet137,4,20,0.297222
optimised,Tet137,5,1,0.273368
optimised,Tet137,5,2,0.274377
optimised,Tet137,5,3,0.275251
optimised,Tet137,5,4,0.273832
optimised,Tet137,5,5,0.273906
optimised,Tet137,5,6,0.273639
optimised,Tet137,5,7,0.274186
optimised,Tet137,5,8,0.273406
optimised,Tet137,5,9,0.274087
optimised,Tet137,5,10,0.272959
optimised,Tet137,5,11,0.274116
optimised,Tet137,5,12,0.273412
optimised,Tet137,5,13,0.273994
optimised,Tet137,5,14,0.274429
optimised,Tet137,5,15,0.273177
optimised,Tet137,5,16,0.274627
optimised,Tet137,5,17,0.274265
optimised,Tet137,5,18,0.274036
optimised,Tet137,5,19,0.274744
optimised,Tet137,5,20,0.273182
optimised,Tet1820,1,1,103.764
optimised,Tet1820,1,2,102.162
optimised,Tet1820,1,3,101.784
optimised,Tet1820,1,4,101.925
optimised,Tet1820,1,5,102.189
optimised,Tet1820,1,6,101.869
optimised,Tet1820,1,7,101.907
optimised,Tet1820,1,8,102.005
optimised,Tet1820,1,9,101.693
optimised,Tet1820,1,10,101.926
optimised,Tet1820,1,11,101.641
optimised,Tet1820,1,12,101.91
optimised,Tet1820,1,13,101.936
optimised,Tet1820,1,14,102.223
optimised,Tet1820,1,15,101.86
optimised,Tet1820,1,16,101.819
optimised,Tet1820,1,17,102.112
optimised,Tet1820,1,18,101.894
optimised,Tet1820,1,19,101.991
optimised,Tet1820,1,20,102.14
optimised,Tet1820,2,1,12.1026
optimised,Tet1820,2,2,10.8842
optimised,Tet1820,2,3,10.8863
optimised,Tet1820,2,4,10.885
optimised,Tet1820,2,5,10.8788
optimised,Tet1820,2,6,10.888
optimised,Tet1820,2,7,10.8832
optimised,Tet1820,2,8,11.0023
optimised,Tet1820,2,9,10.8829
optimised,Tet1820,2,10,10.8811
optimised,Tet1820,2,11,10.8985
optimised,Tet1820,2,12,10.8888
optimised,Tet1820,2,13,10.88
optimised,Tet1820,2,14,10.8931
optimised,Tet1820,2,15,10.9185
optimised,Tet1820,2,16,10.8916
optimised,Tet1820,2,17,10.8679
optimised,Tet1820,2,18,10.8872
optimised,Tet1820,2,19,10.9315
optimised,Tet1820,2,20,10.8824
optimised,Tet1820,3,1,2.92804
optimised,Tet1820,3,2,2.9314
optimised,Tet1820,3,3,2.93146
optimised,Tet1820,3,4,3.01375
optimised,Tet1820,3,5,2.99137
optimised,Tet1820,3,6,2.98831
optimised,Tet1820,3,7,2.98848
optimised,Tet1820,3,8,2.99779
optimised,Tet1820,3,9,2.99379
optimised,Tet1820,3,10,2.99102
optimised,Tet1820,3,11,2.99251
optimised,Tet1820,3,12,3.02962
optimised,Tet1820,3,13,2.99031
optimised,Tet1820,3,14,2.99293
optimised,Tet1820,3,15,2.99465
optimised,Tet1820,3,16,2.99749
optimised,Tet1820,3,17,2.99546
optimised,Tet1820,3,18,2.99172
optimised,Tet1820,3,19,2.99576
optimised,Tet1820,3,20,2.99542
optimised,Tet1820,4,1,2.68942
optimised,Tet1820,4,2,2.65664
optimised,Tet1820,4,3,2.62089
optimised,Tet1820,4,4,2.62173
optimised,Tet1820,4,5,2.62108
optimised,Tet1820,4,6,2.62368
optimised,Tet1820,4,7,2.62343
optimised,Tet1820,4,8,2.62201
optimised,Tet1820,4,9,2.62043
optimised,Tet1820,4,10,2.62175
optimised,Tet1820,4,11,2.72334
optimised,Tet1820,4,12,2.71398
optimised,Tet1820,4,13,2.70891
optimised,Tet1820,4,14,2.70928
optimised,Tet1820,4,15,2.72028
optimised,Tet1820,4,16,2.7137
optimised,Tet1820,4,17,2.71266
optimised,Tet1820,4,18,2.70801
optimised,Tet1820,4,19,2.71275
optimised,Tet1820,4,20,2.70597
optimised,Tet1820,5,1,2.57149
optimised,Tet1820,5,2,2.57404
optimised,Tet1820,5,3,2.57323
optimised,Tet1820,5,4,2.57292
optimised,Tet1820,5,5,2.57011
optimised,Tet1820,5,6,2.57217
optimised,Tet1820,5,7,2.57504
optimised,Tet1820,5,8,2.57204
optimised,Tet1820,5,9,2.57242
optimised,Tet1820,5,10,2.57579
optimised,Tet1820,5,11,2.57696
optimised,Tet1820,5,12,2.57227
optimised,Tet1820,5,13,2.57352
optimised,Tet1820,5,14,2.57244
optimised,Tet1820,5,15,2.57446
optimised,Tet1820,5,16,2.5717
optimised,Tet1820,5,17,2.57299
optimised,Tet1820,5,18,2.57256
optimised,Tet1820,5,19,2.57415
optimised,Tet1820,5,20,2.57278
optimised,Tet298,1,1,12.1028
optimised,Tet298,1,2,11.9598
optimised,Tet298,1,3,12.0108
optimised,Tet298,1,4,12.0081
optimised,Tet298,1,5,11.963
optimised,Tet298,1,6,12.0903
optimised,Tet298,1,7,11.9304
optimised,Tet298,1,8,11.9767
optimised,Tet298,1,9,11.9135
optimised,Tet298,1,10,11.9509
optimised,Tet298,1,11,11.9782
optimised,Tet298,1,12,12.0178
optimised,Tet298,1,13,11.9837
optimised,Tet298,1,14,12.0013
optimised,Tet298,1,15,11.9938
optimised,Tet298,1,16,11.9091
optimised,Tet298,1,17,11.9294
optimised,Tet298,1,18,12.0093
optimised,Tet298,1,19,12.0443
optimised,Tet298,1,20,11.9868
optimised,Tet298,2,1,0.83906
optimised,Tet298,2,2,0.769825
optimised,Tet298,2,3,0.766076
optimised,Tet298,2,4,0.767612
optimised,Tet298,2,5,0.771151
optimised,Tet298,2,6,0.767498
optimised,Tet298,2,7,0.766698
optimised,Tet298,2,8,0.766686
optimised,Tet298,2,9,0.769416
optimised,Tet298,2,10,0.769988
optimised,Tet298,2,11,0.773087
optimised,Tet298,2,12,0.767213
optimised,Tet298,2,13,0.767933
optimised,Tet298,2,14,0.769501
optimised,Tet298,2,15,0.767887
optimised,Tet298,2,16,0.76865
optimised,Tet298,2,17,0.767724
optimised,Tet298,2,18,0.774639
optimised,Tet298,2,19,0.76663
optimised,Tet298,2,20,0.773681
optimised,Tet298,3,1,0.50981
optimised,Tet298,3,2,0.483476
optimised,Tet298,3,3,0.484927
optimised,Tet298,3,4,0.483552
optimised,Tet298,3,5,0.481609
optimised,Tet298,3,6,0.515347
optimised,Tet298,3,7,0.513309
optimised,Tet298,3,8,0.514075
optimised,Tet298,3,9,0.513057
optimised,Tet298,3,10,0.514568
optimised,Tet298,3,11,0.513472
optimised,Tet298,3,12,0.51626
optimised,Tet298,3,13,0.516211
optimised,Tet298,3,14,0.515188
optimised,Tet298,3,15,0.515023
optimised,Tet298,3,16,0.517063
optimised,Tet298,3,17,0.515977
optimised,Tet298,3,18,0.515754
optimised,Tet298,3,19,0.515304
optimised,Tet298,3,20,0.51614
optimised,Tet298,4,1,0.381807
optimised,Tet298,4,2,0.382259
optimised,Tet298,4,3,0.381923
optimised,Tet298,4,4,0.381266
optimised,Tet298,4,5,0.382016
optimised,Tet298,4,6,0.380081
optimised,Tet298,4,7,0.382432
optimised,Tet298,4,8,0.381793
optimised,Tet298,4,9,0.381253
optimised,Tet298,4,10,0.381265
optimised,Tet298,4,11,0.381732
optimised,Tet298,4,12,0.381176
optimised,Tet298,4,13,0.383259
optimised,Tet298,4,14,0.381754
optimised,Tet298,4,15,0.382852
optimised,Tet298,4,16,0.381387
optimised,Tet298,4,17,0.384467
optimised,Tet298,4,18,0.382367
optimised,Tet298,4,19,0.383419
optimised,Tet298,4,20,0.382805
optimised,Tet298,5,1,0.374376
optimised,Tet298,5,2,0.373442
optimised,Tet298,5,3,0.374969
optimised,Tet298,5,4,0.373001
optimised,Tet298,5,5,0.373874
optimised,Tet298,5,6,0.373598
optimised,Tet298,5,7,0.374195
optimised,Tet298,5,8,0.37529
optimised,Tet298,5,9,0.373456
optimised,Tet298,5,10,0.372339
optimised,Tet298,5,11,0.372966
optimised,Tet298,5,12,0.373426
optimised,Tet298,5,13,0.373108
optimised,Tet298,5,14,0.373758
optimised,Tet298,5,15,0.373416
optimised,Tet298,5,16,0.373412
optimised,Tet298,5,17,0.373502
optimised,Tet298,5,18,0.374156
optimised,Tet298,5,19,0.374407
optimised,Tet298,5,20,0.373765
optimised,Tet427,1,1,6.20987
optimised,Tet427,1,2,6.27189
optimised,Tet427,1,3,6.21188
optimised,Tet427,1,4,6.28304
optimised,Tet427,1,5,6.24532
optimised,Tet427,1,6,6.20725
optimised,Tet427,1,7,6.19806
optimised,Tet427,1,8,6.25662
optimised,Tet427,1,9,6.20755
optimised,Tet427,1,10,6.25567
optimised,Tet427,1,11,6.20391
optimised,Tet427,1,12,6.26205
optimised,Tet427,1,13,6.23491
optimised,Tet427,1,14,6.19193
optimised,Tet427,1,15,6.25512
optimised,Tet427,1,16,6.22283
optimised,Tet427,1,17,6.17846
optimised,Tet427,1,18,6.25714
optimised,Tet427,1,19,6.20982
optimised,Tet427,1,20,6.26255
optimised,Tet427,2,1,0.653576
optimised,Tet427,2,2,0.610213
optimised,Tet427,2,3,0.609066
optimised,Tet427,2,4,0.606422
optimised,Tet427,2,5,0.606986
optimised,Tet427,2,6,0.609429
optimised,Tet427,2,7,0.611015
optimised,Tet427,2,8,0.606621
optimised,Tet427,2,9,0.614079
optimised,Tet427,2,10,0.610654
optimised,Tet427,2,11,0.60895
optimised,Tet427,2,12,0.606566
optimised,Tet427,2,13,0.609868
optimised,Tet427,2,14,0.609113
optimised,Tet427,2,15,0.610395
optimised,Tet427,2,16,0.610088
optimised,Tet427,2,17,0.608043
optimised,Tet427,2,18,0.610005
optimised,Tet427,2,19,0.607108
optimised,Tet427,2,20,0.607896
optimised,Tet427,3,1,0.411706
optimised,Tet427,3,2,0.408491
optimised,Tet427,3,3,0.410293
optimised,Tet427,3,4,0.408986
optimised,Tet427,3,5,0.409457
optimised,Tet427,3,6,0.409966
optimised,Tet427,3,7,0.409482
optimised,Tet427,3,8,0.409586
optimised,Tet427,3,9,0.408949
optimised,Tet427,3,10,0.417541
optimised,Tet427,3,11,0.41546
optimised,Tet427,3,12,0.415481
optimised,Tet427,3,13,0.413421
optimised,Tet427,3,14,0.416056
optimised,Tet427,3,15,0.41329
optimised,Tet427,3,16,0.416658
optimised,Tet427,3,17,0.413702
optimised,Tet427,3,18,0.415502
optimised,Tet427,3,19,0.416966
optimised,Tet427,3,20,0.415985
optimised,Tet427,4,1,0.367336
optimised,Tet427,4,2,0.362475
optimised,Tet427,4,3,0.362662
optimised,Tet427,4,4,0.380443
optimised,Tet427,4,5,0.374567
optimised,Tet427,4,6,0.375915
optimised,Tet427,4,7,0.373271
optimised,Tet427,4,8,0.369216
optimised,Tet427,4,9,0.3757
optimised,Tet427,4,10,0.372852
optimised,Tet427,4,11,0.369241
optimised,Tet427,4,12,0.37802
optimised,Tet427,4,13,0.374
optimised,Tet427,4,14,0.376981
optimised,Tet427,4,15,0.36771
optimised,Tet427,4,16,0.368872
optimised,Tet427,4,17,0.369298
optimised,Tet427,4,18,0.370217
optimised,Tet427,4,19,0.371842
optimised,Tet427,4,20,0.370157
optimised,Tet427,5,1,0.371033
optimised,Tet427,5,2,0.379639
optimised,Tet427,5,3,0.373421
optimised,Tet427,5,4,0.37273
optimised,Tet427,5,5,0.373002
optimised,Tet427,5,6,0.373208
optimised,Tet427,5,7,0.374089
optimised,Tet427,5,8,0.37567
optimised,Tet427,5,9,0.374373
optimised,Tet427,5,10,0.376294
optimised,Tet427,5,11,0.373478
optimised,Tet427,5,12,0.374927
optimised,Tet427,5,13,0.37395
optimised,Tet427,5,14,0.374374
optimised,Tet427,5,15,0.37192
optimised,Tet427,5,16,0.373613
optimised,Tet427,5,17,0.374119
optimised,Tet427,5,18,0.373926
optimised,Tet427,5,19,0.373667
optimised,Tet427,5,20,0.374681
