geometry,Dmax,init_opt_s,init_opt_std,init_naive_s,init_naive_std,factor,factor_err,storage_MB,storage_identical
Hex1125,1,4.3859,0.03109,15.22582,0.09521,3.472,0.033,6880.75,True
Hex1125,2,0.70996,0.00928,1.96021,0.04839,2.761,0.077,678.726,True
Hex1125,3,0.37037,0.00096,0.91434,0.08599,2.469,0.232,263.961,True
Hex1125,4,0.39686,0.00083,0.797,0.05915,2.008,0.149,194.323,True
Hex1125,5,0.40605,0.00677,0.78464,0.01786,1.932,0.055,190.878,True
Hex1944,1,9.65349,0.08709,50.85011,0.06419,5.268,0.048,15323.8,True
Hex1944,2,1.53939,0.02841,5.6908,0.03654,3.697,0.072,1636.4,True
Hex1944,3,0.69944,0.001,2.07787,0.17098,2.971,0.244,475.409,True
Hex1944,4,0.66144,0.00101,1.53264,0.03202,2.317,0.049,352.962,True
Hex1944,5,0.66262,0.00108,1.96505,0.07309,2.966,0.11,343.827,True
Hex243,1,0.63048,0.02066,2.22427,0.00587,3.528,0.116,1015.01,True
Hex243,2,0.08582,0.00081,0.22648,0.001,2.639,0.028,78.7354,True
Hex243,3,0.06925,0.00066,0.15225,0.00089,2.198,0.025,46.7179,True
Hex243,4,0.07018,0.00052,0.1361,0.00077,1.939,0.018,37.2927,True
Hex243,5,0.07124,0.00029,0.13649,0.00067,1.916,0.012,37.0774,True
Hex576,1,2.79021,0.03594,9.93293,0.07447,3.56,0.053,4552.1,True
Hex576,2,0.32379,0.00612,0.90344,0.00819,2.79,0.058,307.52,True
Hex576,3,0.20558,0.00226,0.52285,0.03203,2.543,0.158,162.184,True
Hex576,4,0.20734,0.00064,0.41372,0.00803,1.995,0.039,110.156,True
Hex576,5,0.22122,0.00296,0.41793,0.0044,1.889,0.032,107.472,True
Hex72,1,0.32769,0.00871,1.23871,0.00291,3.78,0.101,569.372,True
Hex72,2,0.05594,0.00075,0.19575,0.01143,3.5,0.21,80.7194,True
Hex72,3,0.02655,0.00125,0.0632,0.00085,2.38,0.116,22.4809,True
Hex72,4,0.02491,0.00044,0.05183,0.00322,2.081,0.134,15.8837,True
Hex72,5,0.02542,0.00026,0.05169,0.00181,2.034,0.074,16.0232,True
Poly1560,1,18.49651,0.0788,62.89426,2.67621,3.4,0.145,29558.8,True
Poly1560,2,2.0748,0.03112,6.71172,0.03761,3.235,0.052,2676.48,True
Poly1560,3,0.69323,0.00127,1.70698,0.00445,2.462,0.008,505.084,True
Poly1560,4,0.71048,0.00089,1.50821,0.00849,2.123,0.012,405.345,True
Poly1560,5,0.79864,0.00107,1.52136,0.04297,1.905,0.054,372.963,True
Poly264,1,5.47699,0.13461,20.01149,0.07513,3.654,0.091,9278.54,True
Poly264,2,0.3418,0.0058,1.02897,0.06357,3.01,0.193,380.647,True
Poly264,3,0.23823,0.00154,0.64798,0.00194,2.72,0.019,225.563,True
Poly264,4,0.18665,0.00083,0.39719,0.00201,2.128,0.014,109.154,True
Poly264,5,0.18411,0.00151,0.36526,0.00493,1.984,0.031,97.7637,True
Poly468,1,6.78514,0.0538,24.27732,1.08098,3.578,0.162,11457.2,True
Poly468,2,0.55089,0.00775,1.63014,0.01104,2.959,0.046,634.59,True
Poly468,3,0.25678,0.00087,0.60181,0.00856,2.344,0.034,187.027,True
Poly468,4,0.22139,0.00049,0.46193,0.00833,2.087,0.038,127.289,True
Poly468,5,0.21991,0.00084,0.43036,0.00514,1.957,0.025,113.541,True
Poly940,1,9.92147,0.0648,34.69408,1.52812,3.497,0.156,16383.0,True
Poly940,2,1.14712,0.02404,3.42916,0.09518,2.989,0.104,1340.38,True
Poly940,3,0.47778,0.0012,1.08093,0.00679,2.262,0.015,310.624,True
Poly940,4,0.45988,0.001,0.91889,0.01428,1.998,0.031,240.631,True
Poly940,5,0.46146,0.0015,0.87946,0.00641,1.906,0.015,224.403,True
Tet1331,2,15.6362,0.91809,71.16942,0.9255,4.552,0.274,18987.2,True
Tet1331,3,3.18991,0.00244,9.60636,0.05079,3.011,0.016,2033.07,True
Tet1331,4,2.7172,0.00355,6.68553,0.06047,2.46,0.022,1176.83,True
Tet1331,5,2.46342,0.00223,5.07725,0.047,2.061,0.019,1019.27,True
Tet137,1,24.03824,0.17274,147.2084,0.68937,6.124,0.053,20311.6,True
Tet137,2,0.79994,0.0175,5.57742,0.08215,6.972,0.184,844.493,True
Tet137,3,0.3387,0.0008,1.059,0.00348,3.127,0.013,203.071,True
Tet137,4,0.29855,0.00152,0.83614,0.00372,2.801,0.019,164.329,True
Tet137,5,0.27395,0.00059,0.5793,0.01218,2.115,0.045,135.953,True
Tet1820,1,102.0375,0.43589,527.8643,3.65223,5.173,0.042,66597.2,True
Tet1820,2,10.9557,0.27148,46.3682,0.30749,4.232,0.109,11997.4,True
Tet1820,3,2.98656,0.02603,7.11457,0.0527,2.382,0.027,1368.29,True
Tet1820,4,2.6725,0.0445,5.85043,0.04863,2.189,0.041,1049.25,True
Tet1820,5,2.57315,0.00158,5.00335,0.01627,1.944,0.006,984.196,True
Tet298,1,11.988,0.05174,64.20944,0.65634,5.356,0.059,8728.28,True
Tet298,2,0.77255,0.01584,2.53419,0.08078,3.28,0.124,584.282,True
Tet298,3,0.50851,0.01299,1.68069,0.02955,3.305,0.102,265.825,True
Tet298,4,0.38207,0.00097,0.82689,0.00677,2.164,0.019,163.926,True
Tet298,5,0.37372,0.0007,0.7354,0.01379,1.968,0.037,156.583,True
Tet427,1,6.23129,0.03047,30.55268,0.07178,4.903,0.027,4087.71,True
Tet427,2,0.6113,0.01013,1.80067,0.03461,2.946,0.075,397.218,True
Tet427,3,0.41285,0.0032,1.10658,0.00713,2.68,0.027,187.066,True
Tet427,4,0.37154,0.00474,0.73066,0.00466,1.967,0.028,147.361,True
Tet427,5,0.37411,0.00175,0.69699,0.01649,1.863,0.045,146.763,True
