geometry,Dmax,run,unique_queries,queries,outside,psi,single_face,angular,displacement,init_s,host_s
Hex1125,1,1,996805,997227,0,905310,0,91495,422,4.48428,0.262885
Hex1125,1,2,996751,997162,0,905624,0,91127,411,4.58368,0.273965
Hex1125,1,3,996646,997049,0,905355,0,91291,403,4.52733,0.284159
Hex1125,1,4,996638,997082,0,905427,0,91211,444,4.58738,0.275567
Hex1125,1,5,996760,997211,0,905050,0,91710,451,4.42433,0.260604
Hex1125,1,6,996807,997178,0,905097,0,91710,371,4.4136,0.271934
Hex1125,1,7,996709,997119,0,904974,0,91735,410,4.43128,0.25892
Hex1125,1,8,996743,997152,0,905438,0,91305,409,4.43439,0.258985
Hex1125,1,9,996779,997245,0,905460,0,91319,466,4.47122,0.273694
Hex1125,1,10,996791,997213,0,905428,0,91363,422,4.45748,0.259572
Hex1125,1,11,996860,997279,0,905439,0,91421,419,4.41494,0.272418
Hex1125,1,12,996683,997111,0,905283,0,91400,428,4.42449,0.372273
Hex1125,1,13,996868,997309,0,905352,0,91516,441,4.44803,0.261121
Hex1125,1,14,996717,997173,0,904949,0,91768,456,4.49408,0.259153
Hex1125,1,15,996753,997215,0,905628,0,91125,462,4.49121,0.262453
Hex1125,1,16,996722,997153,0,905044,0,91678,431,4.5496,0.281124
Hex1125,1,17,996708,997109,0,905631,0,91077,401,4.5035,0.263131
Hex1125,1,18,996812,997239,0,905875,0,90937,427,4.50877,0.259242
Hex1125,1,19,996740,997146,0,905521,0,91219,406,4.4484,0.258551
Hex1125,1,20,996724,997181,0,905316,0,91408,457,4.48699,0.258397
Hex1125,2,1,996805,997184,0,567886,426931,1988,379,0.814872,0.198201
Hex1125,2,2,996751,997123,0,566745,428002,2004,372,0.719162,0.196631
Hex1125,2,3,996646,997027,0,566948,427804,1894,381,0.720626,0.194669
Hex1125,2,4,996638,997010,0,567428,427313,1897,372,0.726887,0.196598
Hex1125,2,5,996760,997167,0,566478,428274,2008,407,0.718453,0.202568
Hex1125,2,6,996807,997151,0,567850,426999,1958,344,0.729822,0.198389
Hex1125,2,7,996709,997081,0,566711,428036,1962,372,0.717909,0.195362
Hex1125,2,8,996743,997119,0,567082,427709,1952,376,0.722165,0.211321
Hex1125,2,9,996779,997177,0,567681,427230,1868,398,0.720413,0.196167
Hex1125,2,10,996791,997182,0,568205,426705,1881,391,0.718953,0.203397
Hex1125,2,11,996860,997234,0,567345,427536,1979,374,0.719553,0.211041
Hex1125,2,12,996683,997071,0,566698,428027,1958,388,0.71884,0.193509
Hex1125,2,13,996868,997242,0,568083,426769,2016,374,0.724764,0.193718
Hex1125,2,14,996717,997102,0,567593,427274,1850,385,0.719554,0.208262
Hex1125,2,15,996753,997172,0,566933,427906,1914,419,0.720097,0.213597
Hex1125,2,16,996722,997119,0,567168,427586,1968,397,0.723819,0.194185
Hex1125,2,17,996708,997067,0,566929,427845,1934,359,0.717568,0.208638
Hex1125,2,18,996812,997213,0,567156,427746,1910,401,0.718566,0.195189
Hex1125,2,19,996740,997140,0,566479,428334,1927,400,0.717663,0.197778
Hex1125,2,20,996724,997118,0,567680,427088,1956,394,0.714439,0.196004
Hex1125,3,1,996805,997183,0,670011,324836,1958,378,0.379753,0.232135
Hex1125,3,2,996751,997125,0,669846,324914,1991,374,0.372881,0.240276
Hex1125,3,3,996646,997022,0,669363,325423,1860,376,0.375724,0.237778
Hex1125,3,4,996638,997009,0,669496,325271,1871,371,0.373814,0.238941
Hex1125,3,5,996760,997166,0,669941,324835,1984,406,0.374027,0.239729
Hex1125,3,6,996807,997146,0,669954,324921,1932,339,0.374852,0.234589
Hex1125,3,7,996709,997077,0,669837,324939,1933,368,0.374047,0.228566
Hex1125,3,8,996743,997112,0,669465,325347,1931,369,0.374698,0.236224
Hex1125,3,9,996779,997177,0,670629,324298,1852,398,0.373259,0.233639
Hex1125,3,10,996791,997180,0,670908,324035,1848,389,0.373901,0.238481
Hex1125,3,11,996860,997227,0,670529,324383,1948,367,0.374243,0.228289
Hex1125,3,12,996683,997074,0,670136,324607,1940,391,0.373109,0.240244
Hex1125,3,13,996868,997239,0,670094,324784,1990,371,0.374614,0.239743
Hex1125,3,14,996717,997089,0,668977,325904,1836,372,0.372618,0.2391
Hex1125,3,15,996753,997169,0,669470,325399,1884,416,0.374133,0.238542
Hex1125,3,16,996722,997112,0,668910,325880,1932,390,0.374099,0.234599
Hex1125,3,17,996708,997063,0,670055,324745,1908,355,0.373987,0.238017
Hex1125,3,18,996812,997205,0,669898,325019,1895,393,0.373985,0.225814
Hex1125,3,19,996740,997138,0,670067,324759,1914,398,0.374158,0.234222
Hex1125,3,20,996724,997114,0,669461,325330,1933,390,0.375087,0.238217
Hex1125,4,1,996805,997191,0,442085,552725,1995,386,0.400291,0.185523
Hex1125,4,2,996751,997132,0,441311,553448,1992,381,0.399584,0.184878
Hex1125,4,3,996646,997035,0,441489,553275,1882,389,0.400457,0.183558
Hex1125,4,4,996638,997019,0,441395,553349,1894,381,0.399414,0.184879
Hex1125,4,5,996760,997163,0,441908,552853,1999,403,0.400069,0.18539
Hex1125,4,6,996807,997140,0,442044,552828,1935,333,0.399909,0.180697
Hex1125,4,7,996709,997086,0,441434,553324,1951,377,0.401308,0.185071
Hex1125,4,8,996743,997107,0,441033,553771,1939,364,0.399599,0.184401
Hex1125,4,9,996779,997172,0,441623,553273,1883,393,0.40052,0.185305
Hex1125,4,10,996791,997179,0,442318,552577,1896,388,0.40341,0.185536
Hex1125,4,11,996860,997235,0,441790,553108,1962,375,0.401042,0.187464
Hex1125,4,12,996683,997079,0,441116,553615,1952,396,0.402384,0.183783
Hex1125,4,13,996868,997250,0,441530,553337,2001,382,0.399829,0.183808
Hex1125,4,14,996717,997087,0,441172,553692,1853,370,0.400717,0.185983
Hex1125,4,15,996753,997175,0,441321,553538,1894,422,0.399825,0.183431
Hex1125,4,16,996722,997118,0,441000,553763,1959,396,0.401193,0.183755
Hex1125,4,17,996708,997071,0,440938,553819,1951,363,0.400626,0.185145
Hex1125,4,18,996812,997210,0,441099,553792,1921,398,0.398746,0.186814
Hex1125,4,19,996740,997140,0,441651,553154,1935,400,0.400732,0.185806
Hex1125,4,20,996724,997126,0,441111,553662,1951,402,0.399471,0.184436
Hex1125,5,1,996805,997184,0,242018,752811,1976,379,0.404965,0.210973
Hex1125,5,2,996751,997126,0,241236,753508,2007,375,0.404482,0.210114
Hex1125,5,3,996646,997026,0,241209,753550,1887,380,0.405002,0.203192
Hex1125,5,4,996638,997009,0,241226,753519,1893,371,0.406128,0.206944
Hex1125,5,5,996760,997165,0,241019,753736,2005,405,0.406615,0.209861
Hex1125,5,6,996807,997151,0,241241,753608,1958,344,0.405853,0.208005
Hex1125,5,7,996709,997081,0,241716,753029,1964,372,0.40568,0.206552
Hex1125,5,8,996743,997113,0,240998,753792,1953,370,0.427989,0.209263
Hex1125,5,9,996779,997181,0,241765,753145,1869,402,0.406419,0.211502
Hex1125,5,10,996791,997181,0,241089,753826,1876,390,0.404674,0.206589
Hex1125,5,11,996860,997233,0,241576,753316,1968,373,0.429023,0.212984
Hex1125,5,12,996683,997074,0,241032,753696,1955,391,0.406036,0.21369
Hex1125,5,13,996868,997242,0,240878,753979,2011,374,0.406867,0.209993
Hex1125,5,14,996717,997104,0,241183,753678,1856,387,0.405866,0.204929
Hex1125,5,15,996753,997173,0,241488,753365,1900,420,0.406995,0.205466
Hex1125,5,16,996722,997120,0,241052,753716,1954,398,0.406227,0.205272
Hex1125,5,17,996708,997066,0,240201,754577,1930,358,0.407524,0.208233
Hex1125,5,18,996812,997215,0,240731,754175,1906,403,0.409087,0.204142
Hex1125,5,19,996740,997138,0,241243,753582,1915,398,0.433751,0.209103
Hex1125,5,20,996724,997118,0,240969,753805,1950,394,0.432124,0.210987
Hex1944,1,1,996805,997131,0,909260,0,87545,326,10.0556,0.446352
Hex1944,1,2,996751,997115,0,909754,0,86997,364,10.5574,0.380694
Hex1944,1,3,996646,997002,0,909608,0,87038,356,9.79814,0.320554
Hex1944,1,4,996638,996957,0,909623,0,87015,319,9.98212,0.33127
Hex1944,1,5,996760,997097,0,909809,0,86951,337,9.98861,0.388265
Hex1944,1,6,996807,997143,0,909512,0,87295,336,9.83376,0.327605
Hex1944,1,7,996709,997081,0,909841,0,86868,372,9.81894,0.339802
Hex1944,1,8,996743,997095,0,909490,0,87253,352,9.7937,0.369657
Hex1944,1,9,996779,997150,0,910260,0,86519,371,9.76255,0.440578
Hex1944,1,10,996791,997138,0,909833,0,86958,347,9.98875,0.401816
Hex1944,1,11,996860,997175,0,909058,0,87802,315,9.87567,0.450864
Hex1944,1,12,996683,997030,0,909843,0,86840,347,9.89034,0.37553
Hex1944,1,13,996868,997209,0,910102,0,86766,341,9.85373,0.339208
Hex1944,1,14,996717,997055,0,909495,0,87222,338,10.0133,0.31796
Hex1944,1,15,996753,997114,0,909937,0,86816,361,9.94015,0.319697
Hex1944,1,16,996722,997076,0,909701,0,87021,354,9.92269,0.320787
Hex1944,1,17,996708,997060,0,909815,0,86893,352,10.2883,0.385984
Hex1944,1,18,996812,997154,0,910030,0,86782,342,10.2091,0.41316
Hex1944,1,19,996740,997103,0,909903,0,86837,363,9.78601,0.355029
Hex1944,1,20,996724,997073,0,910146,0,86578,349,10.03,0.42781
Hex1944,2,1,996805,997146,0,560131,434754,1920,341,1.94252,0.246376
Hex1944,2,2,996751,997073,0,560483,434255,2013,322,1.61079,0.343924
Hex1944,2,3,996646,996987,0,559485,435199,1962,341,1.61409,0.273543
Hex1944,2,4,996638,996922,0,559931,434792,1915,284,1.60319,0.326283
Hex1944,2,5,996760,997104,0,559804,435078,1878,344,1.59499,0.266533
Hex1944,2,6,996807,997149,0,559755,435167,1885,342,1.60372,0.344343
Hex1944,2,7,996709,997056,0,559732,435112,1865,347,1.59584,0.246745
Hex1944,2,8,996743,997104,0,560382,434396,1965,361,1.57028,0.243538
Hex1944,2,9,996779,997167,0,560373,434579,1827,388,1.56966,0.252389
Hex1944,2,10,996791,997119,0,559844,435119,1828,328,1.56485,0.252008
Hex1944,2,11,996860,997179,0,560166,434813,1881,319,1.57087,0.336853
Hex1944,2,12,996683,997022,0,560348,434451,1884,339,1.62482,0.322589
Hex1944,2,13,996868,997218,0,560331,434660,1877,350,1.63879,0.292616
Hex1944,2,14,996717,997066,0,559621,435258,1838,349,1.62772,0.255486
Hex1944,2,15,996753,997096,0,559974,434899,1880,343,1.61361,0.32875
Hex1944,2,16,996722,997048,0,560273,434567,1882,326,1.60443,0.308842
Hex1944,2,17,996708,997048,0,560189,434627,1892,340,1.63336,0.355664
Hex1944,2,18,996812,997149,0,560241,434664,1907,337,1.65881,0.364134
Hex1944,2,19,996740,997117,0,560983,433780,1977,377,1.64343,0.351958
Hex1944,2,20,996724,997039,0,560542,434275,1907,315,1.63725,0.33805
Hex1944,3,1,996805,997137,0,450432,544448,1925,332,0.751987,0.388229
Hex1944,3,2,996751,997079,0,451352,543387,2012,328,0.752104,0.375905
Hex1944,3,3,996646,996982,0,450865,543829,1952,336,0.753553,0.31316
Hex1944,3,4,996638,996925,0,450440,544275,1923,287,0.726441,0.264915
Hex1944,3,5,996760,997086,0,450869,543998,1893,326,0.777949,0.321053
Hex1944,3,6,996807,997148,0,451209,543711,1887,341,0.793503,0.367001
Hex1944,3,7,996709,997058,0,451499,543329,1881,349,0.782866,0.24421
Hex1944,3,8,996743,997102,0,451124,543656,1963,359,0.773736,0.251279
Hex1944,3,9,996779,997169,0,451539,543376,1864,390,0.770309,0.260955
Hex1944,3,10,996791,997117,0,450855,544126,1810,326,0.779071,0.307085
Hex1944,3,11,996860,997187,0,451454,543508,1898,327,0.779809,0.255228
Hex1944,3,12,996683,997022,0,450566,544238,1879,339,0.791642,0.252835
Hex1944,3,13,996868,997206,0,451625,543345,1898,338,0.773812,0.253463
Hex1944,3,14,996717,997064,0,451152,543744,1821,347,0.776076,0.247119
Hex1944,3,15,996753,997115,0,451485,543375,1893,362,0.771477,0.269459
Hex1944,3,16,996722,997053,0,450805,544053,1864,331,0.774252,0.245075
Hex1944,3,17,996708,997052,0,450349,544475,1884,344,0.794955,0.319105
Hex1944,3,18,996812,997138,0,451175,543732,1905,326,0.800266,0.252026
Hex1944,3,19,996740,997116,0,451122,543656,1962,376,0.77355,0.252902
Hex1944,3,20,996724,997040,0,451687,543134,1903,316,0.772595,0.254822
Hex1944,4,1,996805,997101,0,478934,516145,1726,296,0.699891,0.339094
Hex1944,4,2,996751,997056,0,479835,515077,1839,305,0.716364,0.242975
Hex1944,4,3,996646,996956,0,478950,515943,1753,310,0.697236,0.247402
Hex1944,4,4,996638,996937,0,479008,515930,1700,299,0.697036,0.245382
Hex1944,4,5,996760,997064,0,479304,515721,1735,304,0.692365,0.251082
Hex1944,4,6,996807,997114,0,478594,516472,1741,307,0.695028,0.254871
Hex1944,4,7,996709,997035,0,479367,515598,1744,326,0.696257,0.251196
Hex1944,4,8,996743,997070,0,480126,514816,1801,327,0.695439,0.251491
Hex1944,4,9,996779,997151,0,479801,515246,1732,372,0.697178,0.2519
Hex1944,4,10,996791,997098,0,479440,515673,1678,307,0.698403,0.251914
Hex1944,4,11,996860,997157,0,479937,515184,1739,297,0.697334,0.24412
Hex1944,4,12,996683,996977,0,478616,516333,1734,294,0.699529,0.245005
Hex1944,4,13,996868,997169,0,479358,515747,1763,301,0.696978,0.247727
Hex1944,4,14,996717,997016,0,479565,515491,1661,299,0.698665,0.249874
Hex1944,4,15,996753,997067,0,479092,515940,1721,314,0.696719,0.249143
Hex1944,4,16,996722,997014,0,479877,515111,1734,292,0.695987,0.258312
Hex1944,4,17,996708,997010,0,478799,516127,1782,302,0.694287,0.252677
Hex1944,4,18,996812,997120,0,479406,515681,1725,308,0.694752,0.245049
Hex1944,4,19,996740,997088,0,479718,515296,1726,348,0.694576,0.240989
Hex1944,4,20,996724,997034,0,479112,515888,1724,310,0.694786,0.245596
Hex1944,5,1,996805,997104,0,248132,746936,1737,299,0.70031,0.27176
Hex1944,5,2,996751,997059,0,247831,747088,1832,308,0.698717,0.270507
Hex1944,5,3,996646,996955,0,247691,747200,1755,309,0.701806,0.358224
Hex1944,5,4,996638,996935,0,247386,747542,1710,297,0.702002,0.285475
Hex1944,5,5,996760,997063,0,247956,747072,1732,303,0.699057,0.27845
Hex1944,5,6,996807,997116,0,247517,747550,1740,309,0.699182,0.271075
Hex1944,5,7,996709,997034,0,248349,746610,1750,325,0.699888,0.270731
Hex1944,5,8,996743,997068,0,248540,746403,1800,325,0.699521,0.272078
Hex1944,5,9,996779,997153,0,248401,746656,1722,374,0.7071,0.346945
Hex1944,5,10,996791,997102,0,248724,746370,1697,311,0.701562,0.280059
Hex1944,5,11,996860,997157,0,247926,747192,1742,297,0.701517,0.277726
Hex1944,5,12,996683,996977,0,248009,746935,1739,294,0.704456,0.30855
Hex1944,5,13,996868,997172,0,248361,746738,1769,304,0.708038,0.280093
Hex1944,5,14,996717,997021,0,247552,747502,1663,304,0.700803,0.280391
Hex1944,5,15,996753,997065,0,248698,746327,1728,312,0.701475,0.271971
Hex1944,5,16,996722,997019,0,249099,745882,1741,297,0.69889,0.269873
Hex1944,5,17,996708,997009,0,247982,746944,1782,301,0.698912,0.273197
Hex1944,5,18,996812,997118,0,248584,746493,1735,306,0.723748,0.31084
Hex1944,5,19,996740,997087,0,248139,746879,1722,347,0.707594,0.28007
Hex1944,5,20,996724,997031,0,248821,746168,1735,307,0.727324,0.395488
Hex243,1,1,996805,997482,0,890282,0,106523,677,0.651191,0.201212
Hex243,1,2,996751,997459,0,890235,0,106516,708,0.657959,0.197155
Hex243,1,3,996646,997393,0,890327,0,106319,747,0.657692,0.202099
Hex243,1,4,996638,997332,0,890200,0,106438,694,0.659928,0.19776
Hex243,1,5,996760,997498,0,889691,0,107069,738,0.659027,0.202884
Hex243,1,6,996807,997517,0,890013,0,106794,710,0.661287,0.200076
Hex243,1,7,996709,997411,0,890385,0,106324,702,0.655108,0.203038
Hex243,1,8,996743,997416,0,890310,0,106433,673,0.657956,0.196021
Hex243,1,9,996779,997482,0,890108,0,106671,703,0.657439,0.202452
Hex243,1,10,996791,997477,0,890034,0,106757,686,0.662899,0.197801
Hex243,1,11,996860,997559,0,890566,0,106294,699,0.659661,0.20432
Hex243,1,12,996683,997405,0,890297,0,106386,722,0.662594,0.197528
Hex243,1,13,996868,997553,0,890277,0,106591,685,0.66442,0.204494
Hex243,1,14,996717,997412,0,889386,0,107331,695,0.658143,0.197704
Hex243,1,15,996753,997463,0,889970,0,106783,710,0.662562,0.200135
Hex243,1,16,996722,997391,0,890191,0,106531,669,0.664285,0.198169
Hex243,1,17,996708,997369,0,889941,0,106767,661,0.660801,0.200338
Hex243,1,18,996812,997514,0,890076,0,106736,702,0.66213,0.201229
Hex243,1,19,996740,997424,0,890290,0,106450,684,0.66184,0.200144
Hex243,1,20,996724,997403,0,890262,0,106462,679,0.663473,0.196904
Hex243,2,1,996805,997448,0,721041,272958,2806,643,0.100071,0.14731
Hex243,2,2,996751,997453,0,721527,272396,2828,702,0.089532,0.14919
Hex243,2,3,996646,997367,0,721112,272599,2935,721,0.08928,0.15134
Hex243,2,4,996638,997315,0,720564,273216,2858,677,0.090327,0.154002
Hex243,2,5,996760,997477,0,720663,273204,2893,717,0.089562,0.151608
Hex243,2,6,996807,997502,0,721010,272899,2898,695,0.089595,0.156653
Hex243,2,7,996709,997395,0,721642,272212,2855,686,0.088672,0.145969
Hex243,2,8,996743,997408,0,721704,272274,2765,665,0.089117,0.157127
Hex243,2,9,996779,997459,0,720352,273557,2870,680,0.089845,0.15676
Hex243,2,10,996791,997466,0,721474,272513,2804,675,0.089874,0.154685
Hex243,2,11,996860,997534,0,721505,272495,2860,674,0.089166,0.149337
Hex243,2,12,996683,997391,0,721047,272880,2756,708,0.089073,0.145922
Hex243,2,13,996868,997521,0,721971,272062,2835,653,0.089975,0.152458
Hex243,2,14,996717,997389,0,720603,273245,2869,672,0.090485,0.149529
Hex243,2,15,996753,997442,0,721012,272872,2869,689,0.089597,0.152686
Hex243,2,16,996722,997393,0,720900,272953,2869,671,0.089187,0.153889
Hex243,2,17,996708,997349,0,721038,272690,2980,641,0.089045,0.150085
Hex243,2,18,996812,997496,0,720163,273810,2839,684,0.089936,0.155327
Hex243,2,19,996740,997414,0,720867,272998,2875,674,0.090304,0.156254
Hex243,2,20,996724,997364,0,720826,273091,2807,640,0.090714,0.145725
Hex243,3,1,996805,997449,0,628251,365786,2768,644,0.070653,0.122926
Hex243,3,2,996751,997448,0,628990,364922,2839,697,0.070512,0.115335
Hex243,3,3,996646,997365,0,628368,365374,2904,719,0.072756,0.119229
Hex243,3,4,996638,997302,0,627211,366601,2826,664,0.070055,0.123331
Hex243,3,5,996760,997459,0,628503,365405,2852,699,0.073321,0.118773
Hex243,3,6,996807,997506,0,627967,365960,2880,699,0.070559,0.122011
Hex243,3,7,996709,997399,0,628225,365650,2834,690,0.071482,0.122095
Hex243,3,8,996743,997409,0,628391,365618,2734,666,0.070793,0.119898
Hex243,3,9,996779,997456,0,628056,365895,2828,677,0.073069,0.116953
Hex243,3,10,996791,997463,0,628578,365441,2772,672,0.070782,0.123288
Hex243,3,11,996860,997541,0,628735,365250,2875,681,0.073337,0.123101
Hex243,3,12,996683,997398,0,627820,366141,2722,715,0.071878,0.119856
Hex243,3,13,996868,997536,0,628485,365575,2808,668,0.070698,0.122821
Hex243,3,14,996717,997386,0,627941,365921,2855,669,0.071347,0.119602
Hex243,3,15,996753,997435,0,627731,366181,2841,682,0.071244,0.121874
Hex243,3,16,996722,997376,0,628117,365755,2850,654,0.071168,0.120647
Hex243,3,17,996708,997344,0,627588,366168,2952,636,0.073261,0.124879
Hex243,3,18,996812,997493,0,627813,366227,2772,681,0.070888,0.119029
Hex243,3,19,996740,997402,0,627559,366317,2864,662,0.071797,0.120639
Hex243,3,20,996724,997361,0,628418,365527,2779,637,0.071222,0.117665
Hex243,4,1,996805,997453,0,395643,598370,2792,648,0.070849,0.111207
Hex243,4,2,996751,997441,0,395138,598777,2836,690,0.071563,0.111277
Hex243,4,3,996646,997362,0,395179,598556,2911,716,0.072204,0.10991
Hex243,4,4,996638,997301,0,395260,598538,2840,663,0.072035,0.111511
Hex243,4,5,996760,997464,0,395733,598168,2859,704,0.07253,0.109036
Hex243,4,6,996807,997508,0,394977,598930,2900,701,0.071636,0.11254
Hex243,4,7,996709,997389,0,395630,598239,2840,680,0.071379,0.110531
Hex243,4,8,996743,997407,0,395591,598405,2747,664,0.072419,0.110114
Hex243,4,9,996779,997454,0,395301,598616,2862,675,0.072529,0.111183
Hex243,4,10,996791,997462,0,395594,598408,2789,671,0.071493,0.11156
Hex243,4,11,996860,997539,0,395201,598779,2880,679,0.072368,0.109575
Hex243,4,12,996683,997397,0,396771,597175,2737,714,0.072164,0.111774
Hex243,4,13,996868,997532,0,396189,597855,2824,664,0.07214,0.110742
Hex243,4,14,996717,997392,0,395404,598457,2856,675,0.072352,0.112046
Hex243,4,15,996753,997445,0,395587,598318,2848,692,0.071647,0.111392
Hex243,4,16,996722,997379,0,395324,598526,2872,657,0.07197,0.110464
Hex243,4,17,996708,997347,0,394571,599191,2946,639,0.072306,0.111752
Hex243,4,18,996812,997496,0,394892,599130,2790,684,0.072787,0.110802
Hex243,4,19,996740,997407,0,395457,598430,2853,667,0.07204,0.111803
Hex243,4,20,996724,997364,0,395592,598344,2788,640,0.072214,0.11052
Hex243,5,1,996805,997453,0,238187,755819,2799,648,0.073313,0.148305
Hex243,5,2,996751,997441,0,238305,755593,2853,690,0.074218,0.145577
Hex243,5,3,996646,997359,0,238129,755588,2929,713,0.073404,0.146204
Hex243,5,4,996638,997300,0,238108,755689,2841,662,0.073633,0.143609
Hex243,5,5,996760,997464,0,239178,754717,2865,704,0.073316,0.141796
Hex243,5,6,996807,997507,0,238136,755762,2909,700,0.073452,0.141343
Hex243,5,7,996709,997389,0,237989,755880,2840,680,0.073121,0.14251
Hex243,5,8,996743,997403,0,238234,755752,2757,660,0.073584,0.147653
Hex243,5,9,996779,997456,0,238784,755124,2871,677,0.073768,0.145746
Hex243,5,10,996791,997461,0,238463,755523,2805,670,0.073333,0.145526
Hex243,5,11,996860,997537,0,238196,755780,2884,677,0.073618,0.145566
Hex243,5,12,996683,997401,0,239051,754895,2737,718,0.074019,0.144829
Hex243,5,13,996868,997532,0,238615,755425,2828,664,0.073443,0.142148
Hex243,5,14,996717,997393,0,238371,755472,2874,676,0.076447,0.144373
Hex243,5,15,996753,997449,0,238117,755770,2866,696,0.072987,0.144347
Hex243,5,16,996722,997383,0,238383,755466,2873,661,0.072926,0.152923
Hex243,5,17,996708,997353,0,237310,756438,2960,645,0.073805,0.144775
Hex243,5,18,996812,997494,0,237834,756182,2796,682,0.073477,0.146779
Hex243,5,19,996740,997409,0,238626,755255,2859,669,0.073258,0.144365
Hex243,5,20,996724,997366,0,238403,755529,2792,642,0.073353,0.148447
Hex576,1,1,996805,997144,0,913837,0,82968,339,2.79903,0.234587
Hex576,1,2,996751,997081,0,913862,0,82889,330,2.81606,0.235575
Hex576,1,3,996646,996975,0,913811,0,82835,329,2.82058,0.234475
Hex576,1,4,996638,996951,0,913933,0,82705,313,2.82719,0.230956
Hex576,1,5,996760,997100,0,914062,0,82698,340,2.83342,0.230118
Hex576,1,6,996807,997125,0,914284,0,82523,318,2.81841,0.231799
Hex576,1,7,996709,997017,0,913918,0,82791,308,2.85371,0.230073
Hex576,1,8,996743,997020,0,914088,0,82655,277,2.84952,0.230659
Hex576,1,9,996779,997087,0,913728,0,83051,308,2.82012,0.230128
Hex576,1,10,996791,997135,0,913938,0,82853,344,2.85032,0.229828
Hex576,1,11,996860,997164,0,914515,0,82345,304,2.81321,0.228682
Hex576,1,12,996683,997014,0,914236,0,82447,331,2.83982,0.233967
Hex576,1,13,996868,997186,0,914136,0,82732,318,2.84402,0.23013
Hex576,1,14,996717,997034,0,913505,0,83212,317,2.84836,0.230384
Hex576,1,15,996753,997037,0,913920,0,82833,284,2.8618,0.227293
Hex576,1,16,996722,997015,0,913689,0,83033,293,2.81951,0.230465
Hex576,1,17,996708,997026,0,913813,0,82895,318,2.84558,0.231027
Hex576,1,18,996812,997137,0,913983,0,82829,325,2.85003,0.231201
Hex576,1,19,996740,997025,0,914001,0,82739,285,2.8571,0.229741
Hex576,1,20,996724,997053,0,914478,0,82246,329,2.82343,0.230159
Hex576,2,1,996805,997108,0,643677,351439,1689,303,0.381267,0.175489
Hex576,2,2,996751,997054,0,643920,351145,1686,303,0.326604,0.167012
Hex576,2,3,996646,996965,0,643918,351075,1653,319,0.33306,0.17396
Hex576,2,4,996638,996916,0,643685,351330,1623,278,0.327499,0.235021
Hex576,2,5,996760,997082,0,644532,350616,1612,322,0.344693,0.211317
Hex576,2,6,996807,997116,0,644035,351102,1670,309,0.344139,0.218413
Hex576,2,7,996709,997014,0,643696,351392,1621,305,0.328668,0.170367
Hex576,2,8,996743,997050,0,644054,351158,1531,307,0.327573,0.174704
Hex576,2,9,996779,997061,0,643588,351529,1662,282,0.345896,0.223262
Hex576,2,10,996791,997127,0,643952,351157,1682,336,0.351862,0.217301
Hex576,2,11,996860,997159,0,644818,350444,1598,299,0.340851,0.168709
Hex576,2,12,996683,997026,0,644377,350639,1667,343,0.329486,0.168976
Hex576,2,13,996868,997196,0,644695,350538,1635,328,0.329487,0.169557
Hex576,2,14,996717,997022,0,643139,351922,1656,305,0.327291,0.175542
Hex576,2,15,996753,997042,0,643896,351269,1588,289,0.328119,0.168689
Hex576,2,16,996722,996996,0,643706,351304,1712,274,0.327789,0.169204
Hex576,2,17,996708,997028,0,643733,351319,1656,320,0.328257,0.169238
Hex576,2,18,996812,997103,0,644377,350805,1630,291,0.325791,0.167482
Hex576,2,19,996740,997016,0,644053,351082,1605,276,0.330426,0.167188
Hex576,2,20,996724,997030,0,643833,351272,1619,306,0.328448,0.168844
Hex576,3,1,996805,997193,0,687700,307198,1907,388,0.205918,0.193887
Hex576,3,2,996751,997128,0,688358,306419,1974,377,0.225634,0.202021
Hex576,3,3,996646,997006,0,688434,306214,1998,360,0.224734,0.201844
Hex576,3,4,996638,996995,0,687601,307098,1939,357,0.225985,0.204803
Hex576,3,5,996760,997145,0,688168,306596,1996,385,0.224335,0.203576
Hex576,3,6,996807,997162,0,688302,306535,1970,355,0.224507,0.20334
Hex576,3,7,996709,997044,0,687934,306796,1979,335,0.224861,0.201486
Hex576,3,8,996743,997056,0,688886,306045,1812,313,0.22429,0.200657
Hex576,3,9,996779,997143,0,688127,306691,1961,364,0.226317,0.20274
Hex576,3,10,996791,997176,0,688042,306745,2004,385,0.226173,0.202812
Hex576,3,11,996860,997195,0,689590,305314,1956,335,0.22689,0.192321
Hex576,3,12,996683,997071,0,688628,306121,1934,388,0.225743,0.202701
Hex576,3,13,996868,997231,0,687746,307241,1881,363,0.225531,0.205427
Hex576,3,14,996717,997074,0,687131,307720,1866,357,0.226696,0.20163
Hex576,3,15,996753,997067,0,688153,306683,1917,314,0.22562,0.194316
Hex576,3,16,996722,997041,0,687633,307157,1932,319,0.227593,0.205547
Hex576,3,17,996708,997066,0,688069,306725,1914,358,0.226919,0.193814
Hex576,3,18,996812,997178,0,688888,305988,1936,366,0.227625,0.197105
Hex576,3,19,996740,997057,0,687975,306831,1934,317,0.228037,0.192372
Hex576,3,20,996724,997085,0,688315,306478,1931,361,0.227134,0.192463
Hex576,4,1,996805,997188,0,476182,518714,1909,383,0.212115,0.135134
Hex576,4,2,996751,997131,0,476729,518034,1988,380,0.211161,0.138705
Hex576,4,3,996646,997014,0,476686,517954,2006,368,0.210551,0.13976
Hex576,4,4,996638,996996,0,476764,517918,1956,358,0.211458,0.137317
Hex576,4,5,996760,997145,0,476544,518221,1995,385,0.213319,0.136818
Hex576,4,6,996807,997163,0,476991,517833,1983,356,0.210994,0.141972
Hex576,4,7,996709,997047,0,476430,518295,1984,338,0.210712,0.135604
Hex576,4,8,996743,997060,0,477278,517644,1821,317,0.211291,0.149263
Hex576,4,9,996779,997141,0,476336,518468,1975,362,0.214155,0.137513
Hex576,4,10,996791,997173,0,477397,517378,2016,382,0.211936,0.140168
Hex576,4,11,996860,997198,0,478240,516634,1986,338,0.212878,0.133991
Hex576,4,12,996683,997072,0,477259,517470,1954,389,0.212386,0.134776
Hex576,4,13,996868,997227,0,476874,518095,1899,359,0.212128,0.136221
Hex576,4,14,996717,997083,0,475798,519030,1889,366,0.211905,0.137303
Hex576,4,15,996753,997067,0,476850,517952,1951,314,0.212504,0.138942
Hex576,4,16,996722,997047,0,476278,518496,1948,325,0.213073,0.136885
Hex576,4,17,996708,997071,0,476683,518109,1916,363,0.212432,0.136677
Hex576,4,18,996812,997182,0,477465,517390,1957,370,0.212468,0.139249
Hex576,4,19,996740,997057,0,476608,518190,1942,317,0.212234,0.13696
Hex576,4,20,996724,997087,0,476420,518370,1934,363,0.211356,0.136657
Hex576,5,1,996805,997188,0,238438,756458,1909,383,0.223014,0.166089
Hex576,5,2,996751,997131,0,239003,755760,1988,380,0.222919,0.160425
Hex576,5,3,996646,997014,0,238835,755805,2006,368,0.223659,0.161905
Hex576,5,4,996638,996996,0,239047,755635,1956,358,0.22521,0.159107
Hex576,5,5,996760,997145,0,239080,755685,1995,385,0.223226,0.163043
Hex576,5,6,996807,997163,0,239054,755770,1983,356,0.223863,0.166215
Hex576,5,7,996709,997047,0,239118,755607,1984,338,0.223716,0.16311
Hex576,5,8,996743,997060,0,239057,755865,1821,317,0.222989,0.164212
Hex576,5,9,996779,997141,0,239053,755751,1975,362,0.224394,0.160967
Hex576,5,10,996791,997173,0,239315,755460,2016,382,0.223035,0.161826
Hex576,5,11,996860,997198,0,239791,755083,1986,338,0.22355,0.161653
Hex576,5,12,996683,997072,0,240185,754544,1954,389,0.224676,0.162477
Hex576,5,13,996868,997227,0,238970,755999,1899,359,0.223871,0.162888
Hex576,5,14,996717,997083,0,239511,755317,1889,366,0.225459,0.168821
Hex576,5,15,996753,997067,0,239280,755522,1951,314,0.216996,0.166969
Hex576,5,16,996722,997047,0,239133,755641,1948,325,0.217024,0.164525
Hex576,5,17,996708,997071,0,239660,755132,1916,363,0.223584,0.167067
Hex576,5,18,996812,997182,0,239457,755398,1957,370,0.227201,0.168685
Hex576,5,19,996740,997057,0,239258,755540,1942,317,0.21765,0.161987
Hex576,5,20,996724,997087,0,238873,755917,1934,363,0.217957,0.164648
Hex72,1,1,996805,997204,0,901998,0,94807,399,0.347665,0.189023
Hex72,1,2,996751,997148,0,902298,0,94453,397,0.348826,0.185528
Hex72,1,3,996646,997033,0,902176,0,94470,387,0.345209,0.187802
Hex72,1,4,996638,997020,0,902002,0,94636,382,0.348053,0.184923
Hex72,1,5,996760,997134,0,902757,0,94003,374,0.345941,0.188836
Hex72,1,6,996807,997184,0,902471,0,94336,377,0.347086,0.18647
Hex72,1,7,996709,997084,0,902486,0,94223,375,0.3455,0.187911
Hex72,1,8,996743,997103,0,903133,0,93610,360,0.346202,0.1867
Hex72,1,9,996779,997167,0,901994,0,94785,388,0.344787,0.196145
Hex72,1,10,996791,997183,0,902336,0,94455,392,0.348072,0.198076
Hex72,1,11,996860,997238,0,902746,0,94114,378,0.348738,0.187747
Hex72,1,12,996683,997072,0,903060,0,93623,389,0.349367,0.186579
Hex72,1,13,996868,997238,0,902601,0,94267,370,0.350191,0.187179
Hex72,1,14,996717,997081,0,901948,0,94769,364,0.349667,0.185583
Hex72,1,15,996753,997105,0,902246,0,94507,352,0.350584,0.189553
Hex72,1,16,996722,997116,0,902402,0,94320,394,0.351262,0.187264
Hex72,1,17,996708,997085,0,902637,0,94071,377,0.349218,0.187526
Hex72,1,18,996812,997188,0,902754,0,94058,376,0.350784,0.185942
Hex72,1,19,996740,997105,0,902216,0,94524,365,0.348725,0.190878
Hex72,1,20,996724,997118,0,902661,0,94063,394,0.349987,0.184686
Hex72,2,1,996805,997098,0,820476,174490,1839,293,0.064578,0.141717
Hex72,2,2,996751,997065,0,820543,174422,1786,314,0.060409,0.149251
Hex72,2,3,996646,996940,0,820909,173954,1783,294,0.05864,0.142126
Hex72,2,4,996638,996945,0,820784,174122,1732,307,0.05785,0.146559
Hex72,2,5,996760,997035,0,820830,174154,1776,275,0.061818,0.145121
Hex72,2,6,996807,997087,0,820708,174296,1803,280,0.058715,0.143109
Hex72,2,7,996709,996986,0,820481,174427,1801,277,0.059061,0.150151
Hex72,2,8,996743,997037,0,821390,173663,1690,294,0.058655,0.142044
Hex72,2,9,996779,997109,0,820491,174463,1825,330,0.058613,0.145351
Hex72,2,10,996791,997104,0,820461,174565,1765,313,0.058348,0.142462
Hex72,2,11,996860,997162,0,821058,173982,1820,302,0.059163,0.143995
Hex72,2,12,996683,996989,0,821027,173891,1765,306,0.059547,0.147575
Hex72,2,13,996868,997163,0,820351,174698,1819,295,0.059015,0.143183
Hex72,2,14,996717,997003,0,820387,174480,1850,286,0.058426,0.144257
Hex72,2,15,996753,997020,0,820936,174037,1780,267,0.058332,0.143519
Hex72,2,16,996722,997031,0,820668,174197,1857,309,0.059833,0.143069
Hex72,2,17,996708,997005,0,820988,173925,1795,297,0.059891,0.146985
Hex72,2,18,996812,997113,0,821723,173195,1894,301,0.060876,0.143821
Hex72,2,19,996740,997033,0,820404,174499,1837,293,0.059277,0.144243
Hex72,2,20,996724,997024,0,820951,173988,1785,300,0.058325,0.142654
Hex72,3,1,996805,997095,0,689263,305839,1703,290,0.027754,0.074494
Hex72,3,2,996751,997057,0,690192,305006,1553,306,0.027144,0.075746
Hex72,3,3,996646,996941,0,690289,304655,1702,295,0.028727,0.075034
Hex72,3,4,996638,996892,0,690615,304400,1623,254,0.025736,0.076167
Hex72,3,5,996760,997016,0,689974,305100,1686,256,0.029244,0.076619
Hex72,3,6,996807,997066,0,690992,304156,1659,259,0.025398,0.074936
Hex72,3,7,996709,996955,0,689737,305364,1608,246,0.028356,0.075296
Hex72,3,8,996743,997013,0,690555,304648,1540,270,0.025778,0.074297
Hex72,3,9,996779,997042,0,689783,305378,1618,263,0.028539,0.075751
Hex72,3,10,996791,997080,0,690324,304774,1693,289,0.025443,0.075211
Hex72,3,11,996860,997145,0,690410,304847,1603,285,0.028699,0.07668
Hex72,3,12,996683,996955,0,689986,305050,1647,272,0.025964,0.074365
Hex72,3,13,996868,997157,0,690954,304258,1656,289,0.0286,0.075936
Hex72,3,14,996717,996989,0,689625,305417,1675,272,0.025847,0.076998
Hex72,3,15,996753,997031,0,690988,304098,1667,278,0.029,0.076932
Hex72,3,16,996722,997022,0,690266,304786,1670,300,0.025721,0.075555
Hex72,3,17,996708,996987,0,690147,304899,1662,279,0.029126,0.076144
Hex72,3,18,996812,997079,0,691043,304121,1648,267,0.025792,0.074375
Hex72,3,19,996740,996996,0,690253,304859,1628,256,0.028719,0.076258
Hex72,3,20,996724,996985,0,690545,304585,1594,261,0.025963,0.075401
Hex72,4,1,996805,997091,0,448014,547098,1693,286,0.027177,0.083527
Hex72,4,2,996751,997055,0,448631,546586,1534,304,0.025455,0.082125
Hex72,4,3,996646,996936,0,448515,546446,1685,290,0.025161,0.08162
Hex72,4,4,996638,996892,0,448761,546278,1599,254,0.025099,0.083141
Hex72,4,5,996760,997010,0,448696,546399,1665,250,0.025256,0.082246
Hex72,4,6,996807,997063,0,448546,546622,1639,256,0.025047,0.081823
Hex72,4,7,996709,996952,0,448913,546202,1594,243,0.025268,0.081295
Hex72,4,8,996743,997013,0,448798,546415,1530,270,0.02541,0.082611
Hex72,4,9,996779,997038,0,448094,547095,1590,259,0.025521,0.08224
Hex72,4,10,996791,997076,0,448304,546818,1669,285,0.025318,0.082356
Hex72,4,11,996860,997138,0,448671,546612,1577,278,0.02529,0.08201
Hex72,4,12,996683,996950,0,448161,546898,1624,267,0.025198,0.081428
Hex72,4,13,996868,997151,0,449557,545678,1633,283,0.02525,0.080616
Hex72,4,14,996717,996984,0,448093,546969,1655,267,0.025101,0.082712
Hex72,4,15,996753,997031,0,449836,545272,1645,278,0.025793,0.08319
Hex72,4,16,996722,997018,0,448406,546677,1639,296,0.025296,0.08238
Hex72,4,17,996708,996985,0,449071,545990,1647,277,0.025342,0.081405
Hex72,4,18,996812,997076,0,450158,545038,1616,264,0.025062,0.081763
Hex72,4,19,996740,996994,0,449361,545770,1609,254,0.025382,0.08176
Hex72,4,20,996724,996981,0,449692,545453,1579,257,0.025139,0.081378
Hex72,5,1,996805,997095,0,247643,747455,1707,290,0.025777,0.095753
Hex72,5,2,996751,997061,0,248402,746795,1554,310,0.025907,0.098177
Hex72,5,3,996646,996942,0,247778,747166,1702,296,0.025914,0.098542
Hex72,5,4,996638,996892,0,248590,746414,1634,254,0.02586,0.100032
Hex72,5,5,996760,997023,0,247466,747606,1688,263,0.025905,0.09749
Hex72,5,6,996807,997069,0,248870,746274,1663,262,0.025704,0.095545
Hex72,5,7,996709,996961,0,247504,747593,1612,252,0.025573,0.096328
Hex72,5,8,996743,997026,0,248407,746777,1559,283,0.025398,0.098311
Hex72,5,9,996779,997042,0,248202,746940,1637,263,0.025511,0.098599
Hex72,5,10,996791,997083,0,248160,746916,1715,292,0.025908,0.098296
Hex72,5,11,996860,997150,0,248755,746494,1611,290,0.025807,0.098226
Hex72,5,12,996683,996959,0,247889,747141,1653,276,0.02577,0.099627
Hex72,5,13,996868,997164,0,248782,746437,1649,296,0.025569,0.097857
Hex72,5,14,996717,996996,0,247937,747094,1686,279,0.025828,0.09732
Hex72,5,15,996753,997040,0,248891,746194,1668,287,0.025811,0.098683
Hex72,5,16,996722,997029,0,247859,747180,1683,307,0.025928,0.097693
Hex72,5,17,996708,996997,0,248540,746475,1693,289,0.02575,0.097622
Hex72,5,18,996812,997086,0,248480,746694,1638,274,0.025687,0.097177
Hex72,5,19,996740,996997,0,248185,746922,1633,257,0.025852,0.097414
Hex72,5,20,996724,996990,0,248240,746887,1597,266,0.025702,0.097418
Poly1560,1,1,996805,997075,0,936365,0,60440,270,18.6488,0.364796
Poly1560,1,2,996751,997006,0,936457,0,60294,255,18.3769,0.349335
Poly1560,1,3,996646,996908,0,936246,0,60400,262,18.2466,0.356434
Poly1560,1,4,996638,996911,0,936286,0,60352,273,18.3889,0.356464
Poly1560,1,5,996760,997002,0,936223,0,60537,242,18.4852,0.357184
Poly1560,1,6,996807,997047,0,936361,0,60446,240,18.3015,0.361718
Poly1560,1,7,996709,996951,0,936146,0,60563,242,18.2466,0.358929
Poly1560,1,8,996743,996993,0,936723,0,60020,250,18.3251,0.352562
Poly1560,1,9,996779,997010,0,936555,0,60224,231,18.2944,0.347726
Poly1560,1,10,996791,997052,0,936899,0,59892,261,18.3456,0.431178
Poly1560,1,11,996860,997117,0,936150,0,60710,257,18.5592,0.353385
Poly1560,1,12,996683,996905,0,936549,0,60134,222,18.7081,0.347492
Poly1560,1,13,996868,997124,0,936821,0,60047,256,18.9196,0.37179
Poly1560,1,14,996717,996978,0,936377,0,60340,261,18.3824,0.346637
Poly1560,1,15,996753,997019,0,936755,0,59998,266,18.8281,0.349614
Poly1560,1,16,996722,996950,0,936643,0,60079,228,18.9305,0.347042
Poly1560,1,17,996708,996961,0,936682,0,60026,253,19.4809,0.44044
Poly1560,1,18,996812,997075,0,936531,0,60281,263,18.2742,0.348821
Poly1560,1,19,996740,996970,0,936496,0,60244,230,18.3477,0.353779
Poly1560,1,20,996724,996964,0,936804,0,59920,240,18.4926,0.352071
Poly1560,2,1,996805,997052,0,609150,386689,966,247,2.38105,0.224483
Poly1560,2,2,996751,996994,0,609617,386164,970,243,2.16275,0.297373
Poly1560,2,3,996646,996887,0,609151,386542,953,241,2.16145,0.278869
Poly1560,2,4,996638,996889,0,608777,386895,966,251,2.1277,0.231174
Poly1560,2,5,996760,996997,0,609014,386830,916,237,2.12687,0.235078
Poly1560,2,6,996807,997024,0,609327,386562,918,217,2.14927,0.228035
Poly1560,2,7,996709,996938,0,608627,387096,986,229,2.09391,0.21642
Poly1560,2,8,996743,996976,0,609539,386293,911,233,2.09381,0.213959
Poly1560,2,9,996779,996992,0,608892,386948,939,213,2.09973,0.216541
Poly1560,2,10,996791,997029,0,609206,386615,970,238,2.10609,0.217318
Poly1560,2,11,996860,997105,0,609119,386834,907,245,2.09456,0.219643
Poly1560,2,12,996683,996898,0,609145,386550,988,215,2.09712,0.21524
Poly1560,2,13,996868,997106,0,610141,385760,967,238,2.10382,0.237428
Poly1560,2,14,996717,996960,0,609265,386543,909,243,2.14396,0.226365
Poly1560,2,15,996753,997003,0,609218,386612,923,250,2.15711,0.279577
Poly1560,2,16,996722,996938,0,609176,386622,924,216,2.26217,0.266507
Poly1560,2,17,996708,996955,0,608847,386965,896,247,2.19618,0.28984
Poly1560,2,18,996812,997071,0,609252,386641,919,259,2.24904,0.345785
Poly1560,2,19,996740,996949,0,609508,386288,944,209,2.21817,0.310264
Poly1560,2,20,996724,996940,0,610244,385519,961,216,2.17247,0.244768
Poly1560,3,1,996805,997051,0,585812,410037,956,246,0.737286,0.253777
Poly1560,3,2,996751,996991,0,586292,409484,975,240,0.714984,0.262244
Poly1560,3,3,996646,996887,0,586029,409657,960,241,0.71989,0.333687
Poly1560,3,4,996638,996889,0,585572,410083,983,251,0.758876,0.279704
Poly1560,3,5,996760,996999,0,585776,410074,910,239,0.731367,0.2237
Poly1560,3,6,996807,997025,0,586262,409625,920,218,0.705924,0.233415
Poly1560,3,7,996709,996936,0,585222,410499,988,227,0.703225,0.219853
Poly1560,3,8,996743,996978,0,586217,409608,918,235,0.701929,0.223407
Poly1560,3,9,996779,996992,0,585597,410244,938,213,0.701756,0.225385
Poly1560,3,10,996791,997030,0,586143,409669,979,239,0.701833,0.226499
Poly1560,3,11,996860,997105,0,585683,410263,914,245,0.701763,0.22557
Poly1560,3,12,996683,996896,0,586004,409683,996,213,0.70328,0.222819
Poly1560,3,13,996868,997109,0,586811,409090,967,241,0.70223,0.225659
Poly1560,3,14,996717,996960,0,586074,409728,915,243,0.702028,0.221292
Poly1560,3,15,996753,997003,0,585482,410338,933,250,0.702946,0.219928
Poly1560,3,16,996722,996938,0,585946,409852,924,216,0.704371,0.224621
Poly1560,3,17,996708,996952,0,585806,410000,902,244,0.704934,0.219945
Poly1560,3,18,996812,997069,0,586137,409748,927,257,0.700682,0.227954
Poly1560,3,19,996740,996953,0,586313,409485,942,213,0.701394,0.226876
Poly1560,3,20,996724,996942,0,586844,408920,960,218,0.702517,0.223607
Poly1560,4,1,996805,997030,0,600016,395872,917,225,0.720337,0.231451
Poly1560,4,2,996751,996984,0,599368,396474,909,233,0.720126,0.2339
Poly1560,4,3,996646,996857,0,598717,396987,942,211,0.721308,0.23442
Poly1560,4,4,996638,996869,0,599567,396162,909,231,0.719261,0.234354
Poly1560,4,5,996760,996969,0,599304,396603,853,209,0.719489,0.236923
Poly1560,4,6,996807,997036,0,599888,396039,880,229,0.718669,0.236013
Poly1560,4,7,996709,996925,0,598536,397236,937,216,0.720518,0.25375
Poly1560,4,8,996743,996978,0,600256,395573,914,235,0.717934,0.250716
Poly1560,4,9,996779,996996,0,598880,397029,870,217,0.719767,0.226707
Poly1560,4,10,996791,997034,0,600309,395550,932,243,0.721809,0.222392
Poly1560,4,11,996860,997094,0,599262,396750,848,234,0.720159,0.224042
Poly1560,4,12,996683,996886,0,599400,396352,931,203,0.720515,0.225275
Poly1560,4,13,996868,997093,0,599740,396192,936,225,0.719843,0.230286
Poly1560,4,14,996717,996960,0,599004,396842,871,243,0.720563,0.224288
Poly1560,4,15,996753,996983,0,599254,396576,923,230,0.721164,0.225407
Poly1560,4,16,996722,996956,0,599854,395998,870,234,0.720529,0.225671
Poly1560,4,17,996708,996955,0,599778,396051,879,247,0.719405,0.225974
Poly1560,4,18,996812,997029,0,599490,396434,888,217,0.71978,0.226927
Poly1560,4,19,996740,996953,0,599492,396345,903,213,0.717933,0.230005
Poly1560,4,20,996724,996928,0,600291,395550,883,204,0.725789,0.232406
Poly1560,5,1,996805,997034,0,384004,611885,916,229,0.805001,0.203843
Poly1560,5,2,996751,996994,0,383977,611859,915,243,0.804581,0.212906
Poly1560,5,3,996646,996860,0,383503,612216,927,214,0.803594,0.218225
Poly1560,5,4,996638,996866,0,383870,611845,923,228,0.804136,0.209721
Poly1560,5,5,996760,996972,0,384033,611875,852,212,0.804891,0.205872
Poly1560,5,6,996807,997039,0,384878,611047,882,232,0.80692,0.205109
Poly1560,5,7,996709,996918,0,384740,611046,923,209,0.803962,0.205923
Poly1560,5,8,996743,996983,0,383148,612712,883,240,0.806014,0.203501
Poly1560,5,9,996779,996998,0,383461,612465,853,219,0.804258,0.212189
Poly1560,5,10,996791,997049,0,384313,611556,922,258,0.804718,0.211919
Poly1560,5,11,996860,997112,0,384055,611942,863,252,0.80728,0.211623
Poly1560,5,12,996683,996893,0,384190,611550,943,210,0.805115,0.202562
Poly1560,5,13,996868,997108,0,384271,611695,902,240,0.806668,0.203141
Poly1560,5,14,996717,996960,0,383949,611868,900,243,0.805414,0.205282
Poly1560,5,15,996753,996986,0,383243,612583,927,233,0.806507,0.203182
Poly1560,5,16,996722,996953,0,384426,611446,850,231,0.804689,0.207829
Poly1560,5,17,996708,996943,0,383794,612003,911,235,0.805795,0.213471
Poly1560,5,18,996812,997024,0,383960,611966,886,212,0.804627,0.211672
Poly1560,5,19,996740,996942,0,383780,612052,908,202,0.80556,0.203796
Poly1560,5,20,996724,996933,0,384256,611600,868,209,0.806288,0.209314
Poly264,1,1,996805,996971,0,945028,0,51777,166,5.39631,0.257637
Poly264,1,2,996751,996951,0,945609,0,51142,200,5.41156,0.260849
Poly264,1,3,996646,996829,0,944592,0,52054,183,5.51857,0.247288
Poly264,1,4,996638,996811,0,944900,0,51738,173,5.44199,0.254391
Poly264,1,5,996760,996911,0,945081,0,51679,151,5.52825,0.25139
Poly264,1,6,996807,996969,0,944869,0,51938,162,5.51855,0.248198
Poly264,1,7,996709,996860,0,945231,0,51478,151,5.47448,0.247078
Poly264,1,8,996743,996902,0,945194,0,51549,159,5.58803,0.247756
Poly264,1,9,996779,996956,0,944845,0,51934,177,5.47247,0.248789
Poly264,1,10,996791,996964,0,945235,0,51556,173,5.46326,0.253443
Poly264,1,11,996860,997012,0,945330,0,51530,152,5.42392,0.251974
Poly264,1,12,996683,996846,0,944877,0,51806,163,5.51731,0.247502
Poly264,1,13,996868,997033,0,945451,0,51417,165,5.54878,0.248898
Poly264,1,14,996717,996867,0,944823,0,51894,150,5.51842,0.255276
Poly264,1,15,996753,996924,0,945138,0,51615,171,5.4867,0.251076
Poly264,1,16,996722,996884,0,945265,0,51457,162,5.43412,0.252133
Poly264,1,17,996708,996868,0,944616,0,52092,160,5.49151,0.249947
Poly264,1,18,996812,996968,0,945143,0,51669,156,5.52306,0.248619
Poly264,1,19,996740,996916,0,944998,0,51742,176,5.45157,0.246867
Poly264,1,20,996724,996870,0,945259,0,51465,146,5.40234,0.245964
Poly264,2,1,996805,996946,0,725635,270553,617,141,0.397106,0.148152
Poly264,2,2,996751,996903,0,726106,270029,616,152,0.339778,0.148628
Poly264,2,3,996646,996788,0,726042,269996,608,142,0.338605,0.149178
Poly264,2,4,996638,996792,0,725393,270694,551,154,0.338705,0.148755
Poly264,2,5,996760,996884,0,726087,270069,604,124,0.337549,0.150802
Poly264,2,6,996807,996948,0,725854,270319,634,141,0.342675,0.147939
Poly264,2,7,996709,996829,0,725270,270831,608,120,0.339905,0.158755
Poly264,2,8,996743,996862,0,726016,270112,615,119,0.346628,0.148802
Poly264,2,9,996779,996922,0,726102,270061,616,143,0.339751,0.150049
Poly264,2,10,996791,996933,0,726000,270164,627,142,0.338254,0.147834
Poly264,2,11,996860,996984,0,726052,270218,590,124,0.337404,0.153724
Poly264,2,12,996683,996824,0,726370,269698,615,141,0.339766,0.150585
Poly264,2,13,996868,996991,0,726416,269838,614,123,0.337232,0.15212
Poly264,2,14,996717,996842,0,725706,270411,600,125,0.342121,0.152329
Poly264,2,15,996753,996892,0,726367,269800,586,139,0.341734,0.150719
Poly264,2,16,996722,996854,0,725557,270557,608,132,0.341551,0.148206
Poly264,2,17,996708,996841,0,724999,271133,576,133,0.340552,0.150031
Poly264,2,18,996812,996933,0,725388,270822,602,121,0.349646,0.146693
Poly264,2,19,996740,996873,0,725803,270329,608,133,0.342845,0.149137
Poly264,2,20,996724,996848,0,725970,270149,605,124,0.346341,0.147311
Poly264,3,1,996805,996949,0,802392,193779,634,144,0.242779,0.193884
Poly264,3,2,996751,996913,0,802215,193902,634,162,0.243386,0.197465
Poly264,3,3,996646,996792,0,802113,193912,621,146,0.243161,0.196026
Poly264,3,4,996638,996794,0,802089,193984,565,156,0.244431,0.194668
Poly264,3,5,996760,996887,0,801982,194154,624,127,0.24225,0.192588
Poly264,3,6,996807,996952,0,801986,194171,650,145,0.236511,0.197319
Poly264,3,7,996709,996826,0,802180,193905,624,117,0.236223,0.197618
Poly264,3,8,996743,996868,0,802791,193330,622,125,0.236656,0.19624
Poly264,3,9,996779,996927,0,802098,194045,636,148,0.236787,0.193422
Poly264,3,10,996791,996933,0,802000,194154,637,142,0.235446,0.197643
Poly264,3,11,996860,996989,0,802982,193262,616,129,0.235759,0.19862
Poly264,3,12,996683,996824,0,802531,193521,631,141,0.23631,0.198505
Poly264,3,13,996868,996994,0,803223,193016,629,126,0.235785,0.197048
Poly264,3,14,996717,996844,0,801711,194393,613,127,0.236121,0.196392
Poly264,3,15,996753,996897,0,802598,193542,613,144,0.235763,0.197097
Poly264,3,16,996722,996856,0,802167,193933,622,134,0.236244,0.198017
Poly264,3,17,996708,996844,0,802273,193842,593,136,0.239382,0.196481
Poly264,3,18,996812,996933,0,802096,194096,620,121,0.238308,0.198312
Poly264,3,19,996740,996873,0,802283,193828,629,133,0.240147,0.192383
Poly264,3,20,996724,996850,0,802393,193700,631,126,0.238132,0.190336
Poly264,4,1,996805,996949,0,646494,349678,633,144,0.187014,0.127034
Poly264,4,2,996751,996913,0,646848,349271,632,162,0.185737,0.123633
Poly264,4,3,996646,996791,0,647126,348901,619,145,0.184316,0.125043
Poly264,4,4,996638,996795,0,647392,348679,567,157,0.186701,0.124836
Poly264,4,5,996760,996887,0,646722,349415,623,127,0.188064,0.127424
Poly264,4,6,996807,996953,0,647265,348892,650,146,0.188564,0.128101
Poly264,4,7,996709,996828,0,646318,349766,625,119,0.187588,0.127013
Poly264,4,8,996743,996869,0,646892,349228,623,126,0.188563,0.128447
Poly264,4,9,996779,996928,0,646688,349457,634,149,0.187215,0.127757
Poly264,4,10,996791,996935,0,647452,348705,634,144,0.187816,0.127172
Poly264,4,11,996860,996990,0,647030,349213,617,130,0.187986,0.120428
Poly264,4,12,996683,996824,0,646944,349106,633,141,0.188848,0.123645
Poly264,4,13,996868,996994,0,647499,348738,631,126,0.192338,0.125692
Poly264,4,14,996717,996844,0,646993,349110,614,127,0.187205,0.121797
Poly264,4,15,996753,996896,0,647327,348812,614,143,0.188663,0.122737
Poly264,4,16,996722,996856,0,647498,348600,624,134,0.187824,0.124187
Poly264,4,17,996708,996844,0,646039,350074,595,136,0.188169,0.124604
Poly264,4,18,996812,996934,0,646215,349980,617,122,0.188391,0.121298
Poly264,4,19,996740,996874,0,647166,348945,629,134,0.1881,0.122315
Poly264,4,20,996724,996850,0,647618,348479,627,126,0.188322,0.122989
Poly264,5,1,996805,996949,0,429455,566723,627,144,0.18737,0.11513
Poly264,5,2,996751,996908,0,429420,566707,624,157,0.187594,0.116384
Poly264,5,3,996646,996790,0,430168,565864,614,144,0.185188,0.114808
Poly264,5,4,996638,996792,0,429527,566548,563,154,0.185214,0.114335
Poly264,5,5,996760,996887,0,429184,566957,619,127,0.189293,0.118815
Poly264,5,6,996807,996952,0,429495,566665,647,145,0.184953,0.114829
Poly264,5,7,996709,996827,0,429633,566455,621,118,0.184583,0.115919
Poly264,5,8,996743,996867,0,429582,566542,619,124,0.185174,0.117507
Poly264,5,9,996779,996928,0,430086,566067,626,149,0.18607,0.116729
Poly264,5,10,996791,996935,0,429927,566230,634,144,0.188557,0.115403
Poly264,5,11,996860,996988,0,429087,567167,606,128,0.185312,0.116992
Poly264,5,12,996683,996823,0,430193,565868,622,140,0.18609,0.11614
Poly264,5,13,996868,996991,0,429597,566646,625,123,0.187889,0.116913
Poly264,5,14,996717,996843,0,429981,566125,611,126,0.185678,0.117077
Poly264,5,15,996753,996897,0,430510,565635,608,144,0.185404,0.118474
Poly264,5,16,996722,996855,0,430387,565721,614,133,0.188826,0.117548
Poly264,5,17,996708,996843,0,429150,566970,588,135,0.184647,0.116268
Poly264,5,18,996812,996935,0,430217,565984,611,123,0.184855,0.116815
Poly264,5,19,996740,996873,0,429678,566443,619,133,0.191407,0.116456
Poly264,5,20,996724,996850,0,430355,565748,621,126,0.188565,0.118069
Poly468,1,1,996805,997051,0,941752,0,55053,246,6.7783,0.267784
Poly468,1,2,996751,997018,0,941918,0,54833,267,6.7327,0.269066
Poly468,1,3,996646,996928,0,941844,0,54802,282,6.86982,0.267085
Poly468,1,4,996638,996891,0,941621,0,55017,253,6.82598,0.264771
Poly468,1,5,996760,997009,0,941980,0,54780,249,6.91307,0.263541
Poly468,1,6,996807,997077,0,941778,0,55029,270,6.82212,0.268607
Poly468,1,7,996709,996968,0,941964,0,54745,259,6.94395,0.265492
Poly468,1,8,996743,996969,0,941959,0,54784,226,6.83637,0.269887
Poly468,1,9,996779,997078,0,942152,0,54627,299,6.9557,0.267396
Poly468,1,10,996791,997064,0,941706,0,55085,273,6.9221,0.266379
Poly468,1,11,996860,997109,0,942368,0,54492,249,6.94589,0.269685
Poly468,1,12,996683,996943,0,941748,0,54935,260,6.84785,0.266033
Poly468,1,13,996868,997144,0,941840,0,55028,276,6.84298,0.269403
Poly468,1,14,996717,997015,0,941482,0,55235,298,6.84041,0.263941
Poly468,1,15,996753,997004,0,942145,0,54608,251,6.83015,0.268157
Poly468,1,16,996722,996949,0,941746,0,54976,227,6.81322,0.26573
Poly468,1,17,996708,996956,0,941710,0,54998,248,7.00019,0.267168
Poly468,1,18,996812,997053,0,942306,0,54506,241,6.99158,0.266357
Poly468,1,19,996740,997009,0,942132,0,54608,269,7.00481,0.304253
Poly468,1,20,996724,996991,0,941759,0,54965,267,6.88727,0.266725
Poly468,2,1,996805,996981,0,680220,316019,566,176,0.644346,0.149868
Poly468,2,2,996751,996948,0,680550,315622,579,197,0.565661,0.160962
Poly468,2,3,996646,996828,0,681140,314927,579,182,0.561871,0.155764
Poly468,2,4,996638,996814,0,680747,315325,566,176,0.561003,0.153365
Poly468,2,5,996760,996939,0,680723,315430,607,179,0.559952,0.149194
Poly468,2,6,996807,997014,0,680239,316005,563,207,0.560214,0.153938
Poly468,2,7,996709,996892,0,680782,315359,568,183,0.560402,0.161816
Poly468,2,8,996743,996898,0,680851,315374,518,155,0.562783,0.152381
Poly468,2,9,996779,996979,0,681077,315119,583,200,0.571647,0.152665
Poly468,2,10,996791,996986,0,680634,315589,568,195,0.562075,0.155006
Poly468,2,11,996860,997061,0,681574,314729,557,201,0.565736,0.151512
Poly468,2,12,996683,996849,0,680716,315366,601,166,0.564432,0.154505
Poly468,2,13,996868,997056,0,681802,314484,582,188,0.566186,0.148571
Poly468,2,14,996717,996906,0,680355,315793,569,189,0.573634,0.149952
Poly468,2,15,996753,996928,0,681064,315107,582,175,0.56442,0.152434
Poly468,2,16,996722,996893,0,680252,315915,555,171,0.564904,0.152897
Poly468,2,17,996708,996903,0,679942,316208,558,195,0.56311,0.148355
Poly468,2,18,996812,996985,0,681075,315172,565,173,0.565174,0.151791
Poly468,2,19,996740,996924,0,680949,315221,570,184,0.564898,0.152301
Poly468,2,20,996724,996896,0,680592,315585,547,172,0.562741,0.149491
Poly468,3,1,996805,997013,0,609731,386393,681,208,0.258945,0.131765
Poly468,3,2,996751,996966,0,609754,386309,688,215,0.258359,0.133275
Poly468,3,3,996646,996894,0,610427,385481,738,248,0.272674,0.135208
Poly468,3,4,996638,996858,0,610181,385755,702,220,0.27186,0.132139
Poly468,3,5,996760,996991,0,610682,385374,704,231,0.2718,0.131987
Poly468,3,6,996807,997042,0,610185,385924,698,235,0.273234,0.145533
Poly468,3,7,996709,996936,0,610220,385779,710,227,0.272846,0.132268
Poly468,3,8,996743,996940,0,611277,384778,688,197,0.272782,0.136016
Poly468,3,9,996779,997034,0,610239,385802,738,255,0.272892,0.13457
Poly468,3,10,996791,997003,0,610251,385846,694,212,0.272019,0.133376
Poly468,3,11,996860,997101,0,610858,385318,684,241,0.273126,0.132293
Poly468,3,12,996683,996912,0,610196,385747,740,229,0.271807,0.132855
Poly468,3,13,996868,997107,0,611142,385031,695,239,0.272775,0.135758
Poly468,3,14,996717,996968,0,610103,385913,701,251,0.27213,0.133739
Poly468,3,15,996753,996973,0,610943,385097,713,220,0.27229,0.133258
Poly468,3,16,996722,996922,0,609951,386072,699,200,0.272929,0.132119
Poly468,3,17,996708,996938,0,609841,386198,669,230,0.272322,0.133225
Poly468,3,18,996812,997008,0,610475,385607,730,196,0.272451,0.131533
Poly468,3,19,996740,996961,0,609779,386249,712,221,0.273244,0.133119
Poly468,3,20,996724,996947,0,609626,386416,682,223,0.272334,0.131999
Poly468,4,1,996805,996949,0,639564,356778,463,144,0.2247,0.143834
Poly468,4,2,996751,996913,0,639130,357151,470,162,0.220951,0.141923
Poly468,4,3,996646,996798,0,640158,356019,469,152,0.222,0.141007
Poly468,4,4,996638,996780,0,639788,356384,466,142,0.223346,0.139961
Poly468,4,5,996760,996905,0,639600,356664,496,145,0.222535,0.141061
Poly468,4,6,996807,996976,0,639491,356855,461,169,0.22225,0.14335
Poly468,4,7,996709,996858,0,639464,356796,449,149,0.222931,0.142832
Poly468,4,8,996743,996874,0,639641,356674,428,131,0.222353,0.142822
Poly468,4,9,996779,996941,0,639602,356701,476,162,0.221488,0.140682
Poly468,4,10,996791,996942,0,639686,356641,464,151,0.224751,0.142873
Poly468,4,11,996860,997018,0,639883,356525,452,158,0.220574,0.139824
Poly468,4,12,996683,996821,0,639362,356830,491,138,0.222097,0.144928
Poly468,4,13,996868,997037,0,639863,356530,475,169,0.224055,0.151405
Poly468,4,14,996717,996874,0,639379,356868,470,157,0.222638,0.14834
Poly468,4,15,996753,996900,0,640125,356163,465,147,0.223463,0.147194
Poly468,4,16,996722,996869,0,638913,357340,469,147,0.223208,0.149459
Poly468,4,17,996708,996872,0,639503,356747,458,164,0.222471,0.148827
Poly468,4,18,996812,996949,0,640100,356255,457,137,0.223706,0.152259
Poly468,4,19,996740,996889,0,639395,356880,465,149,0.222773,0.152313
Poly468,4,20,996724,996869,0,639161,357110,453,145,0.222725,0.149369
Poly468,5,1,996805,996949,0,405477,590868,460,144,0.221622,0.128749
Poly468,5,2,996751,996912,0,406155,590126,470,161,0.220685,0.129577
Poly468,5,3,996646,996797,0,406165,590009,472,151,0.220583,0.129432
Poly468,5,4,996638,996779,0,407049,589124,465,141,0.221888,0.12692
Poly468,5,5,996760,996904,0,405967,590295,498,144,0.221729,0.126381
Poly468,5,6,996807,996976,0,406144,590202,461,169,0.220833,0.127287
Poly468,5,7,996709,996858,0,405857,590402,450,149,0.221196,0.128293
Poly468,5,8,996743,996873,0,405596,590723,424,130,0.221001,0.12742
Poly468,5,9,996779,996941,0,405919,590385,475,162,0.221188,0.129083
Poly468,5,10,996791,996941,0,405462,590866,463,150,0.221261,0.127348
Poly468,5,11,996860,997018,0,406834,589576,450,158,0.220654,0.126838
Poly468,5,12,996683,996819,0,405401,590790,492,136,0.221294,0.13101
Poly468,5,13,996868,997037,0,406043,590350,475,169,0.221043,0.127574
Poly468,5,14,996717,996874,0,405532,590716,469,157,0.220612,0.128534
Poly468,5,15,996753,996900,0,406463,589825,465,147,0.220833,0.128279
Poly468,5,16,996722,996869,0,405731,590523,468,147,0.220767,0.129178
Poly468,5,17,996708,996872,0,406003,590248,457,164,0.221225,0.127203
Poly468,5,18,996812,996949,0,406120,590235,457,137,0.22153,0.129258
Poly468,5,19,996740,996889,0,405237,591038,465,149,0.220797,0.127444
Poly468,5,20,996724,996869,0,405638,590634,452,145,0.220824,0.127715
Poly940,1,1,996805,997135,0,933663,0,63142,330,9.96007,0.305818
Poly940,1,2,996751,997083,0,933235,0,63516,332,9.91577,0.306669
Poly940,1,3,996646,996959,0,933574,0,63072,313,10.1013,0.311333
Poly940,1,4,996638,996993,0,933093,0,63545,355,9.87436,0.303511
Poly940,1,5,996760,997075,0,933125,0,63635,315,10.0872,0.304962
Poly940,1,6,996807,997108,0,933385,0,63422,301,10.057,0.357686
Poly940,1,7,996709,997007,0,933440,0,63269,298,9.81826,0.310575
Poly940,1,8,996743,997057,0,933457,0,63286,314,10.2806,0.30448
Poly940,1,9,996779,997081,0,933387,0,63392,302,10.0995,0.304749
Poly940,1,10,996791,997087,0,933356,0,63435,296,10.1142,0.307958
Poly940,1,11,996860,997182,0,933830,0,63030,322,10.1371,0.315813
Poly940,1,12,996683,997002,0,933585,0,63098,319,9.93764,0.302431
Poly940,1,13,996868,997190,0,933746,0,63122,322,10.0328,0.303176
Poly940,1,14,996717,997053,0,933641,0,63076,336,10.1754,0.305395
Poly940,1,15,996753,997095,0,933949,0,62804,342,10.0766,0.302459
Poly940,1,16,996722,997045,0,933197,0,63525,323,10.3334,0.30053
Poly940,1,17,996708,997014,0,933629,0,63079,306,10.0082,0.408361
Poly940,1,18,996812,997121,0,933880,0,62932,309,9.87907,0.361997
Poly940,1,19,996740,997065,0,933226,0,63514,325,9.95542,0.347116
Poly940,1,20,996724,997023,0,933545,0,63179,299,9.9418,0.309135
Poly940,2,1,996805,997090,0,626506,369327,972,285,1.35162,0.2477
Poly940,2,2,996751,997044,0,626555,369252,944,293,1.16808,0.192126
Poly940,2,3,996646,996917,0,625887,369769,990,271,1.16042,0.192412
Poly940,2,4,996638,996938,0,627243,368458,937,300,1.2167,0.184993
Poly940,2,5,996760,997052,0,626151,369696,913,292,1.16087,0.189077
Poly940,2,6,996807,997088,0,626271,369559,977,281,1.18715,0.19056
Poly940,2,7,996709,996963,0,626705,369022,982,254,1.16099,0.196378
Poly940,2,8,996743,997031,0,627372,368485,886,288,1.15757,0.190332
Poly940,2,9,996779,997063,0,626551,369256,972,284,1.15435,0.186519
Poly940,2,10,996791,997055,0,626984,368843,964,264,1.16524,0.201488
Poly940,2,11,996860,997138,0,626967,368909,984,278,1.16212,0.199072
Poly940,2,12,996683,996966,0,626927,368739,1017,283,1.16354,0.197888
Poly940,2,13,996868,997154,0,626844,368999,1025,286,1.16008,0.199602
Poly940,2,14,996717,997009,0,627278,368510,929,292,1.16294,0.194338
Poly940,2,15,996753,997041,0,627139,368652,962,288,1.16125,0.177116
Poly940,2,16,996722,997021,0,626302,369440,980,299,1.16739,0.190074
Poly940,2,17,996708,996983,0,626485,369250,973,275,1.1606,0.192788
Poly940,2,18,996812,997102,0,627592,368287,933,290,1.16934,0.19137
Poly940,2,19,996740,997032,0,626657,369072,1011,292,1.16051,0.177046
Poly940,2,20,996724,996999,0,627522,368247,955,275,1.16069,0.18925
Poly940,3,1,996805,997090,0,564515,431327,963,285,0.488194,0.21744
Poly940,3,2,996751,997040,0,564177,431630,944,289,0.490521,0.171039
Poly940,3,3,996646,996916,0,563603,432060,983,270,0.479089,0.182105
Poly940,3,4,996638,996938,0,564703,430994,941,300,0.481576,0.174451
Poly940,3,5,996760,997054,0,563643,432201,916,294,0.482614,0.175917
Poly940,3,6,996807,997086,0,564371,431454,982,279,0.503334,0.244832
Poly940,3,7,996709,996964,0,564660,431066,983,255,0.51005,0.271134
Poly940,3,8,996743,997030,0,564898,430959,886,287,0.517015,0.296604
Poly940,3,9,996779,997062,0,564016,431787,976,283,0.523369,0.280052
Poly940,3,10,996791,997054,0,564607,431219,965,263,0.511438,0.227557
Poly940,3,11,996860,997138,0,565077,430797,986,278,0.490712,0.241392
Poly940,3,12,996683,996966,0,564394,431278,1011,283,0.48718,0.24912
Poly940,3,13,996868,997154,0,564054,431790,1024,286,0.493484,0.205877
Poly940,3,14,996717,997008,0,564014,431772,931,291,0.494923,0.236962
Poly940,3,15,996753,997042,0,564378,431410,965,289,0.480645,0.216688
Poly940,3,16,996722,997020,0,563954,431785,983,298,0.483803,0.215892
Poly940,3,17,996708,996984,0,563844,431890,974,276,0.492673,0.171699
Poly940,3,18,996812,997102,0,565256,430622,934,290,0.485743,0.225112
Poly940,3,19,996740,997033,0,564461,431266,1013,293,0.486582,0.22435
Poly940,3,20,996724,996999,0,564330,431442,952,275,0.484555,0.215063
Poly940,4,1,996805,997086,0,594713,401128,964,281,0.477369,0.196727
Poly940,4,2,996751,997042,0,594765,401046,940,291,0.472393,0.230887
Poly940,4,3,996646,996914,0,594185,401481,980,268,0.472375,0.234977
Poly940,4,4,996638,996937,0,595580,400127,931,299,0.472976,0.205873
Poly940,4,5,996760,997050,0,594223,401629,908,290,0.474946,0.216821
Poly940,4,6,996807,997086,0,594099,401738,970,279,0.468449,0.228687
Poly940,4,7,996709,996961,0,594639,401093,977,252,0.471959,0.22862
Poly940,4,8,996743,997028,0,595762,400102,879,285,0.476682,0.189098
Poly940,4,9,996779,997062,0,594415,401400,964,283,0.473765,0.22703
Poly940,4,10,996791,997050,0,594873,400962,956,259,0.472415,0.223412
Poly940,4,11,996860,997137,0,595180,400701,979,277,0.471679,0.217522
Poly940,4,12,996683,996964,0,595055,400621,1007,281,0.476264,0.207167
Poly940,4,13,996868,997154,0,594849,400998,1021,286,0.472555,0.231921
Poly940,4,14,996717,997007,0,595299,400495,923,290,0.471989,0.233125
Poly940,4,15,996753,997038,0,595196,400603,954,285,0.474036,0.196542
Poly940,4,16,996722,997020,0,594419,401330,973,298,0.476408,0.230825
Poly940,4,17,996708,996982,0,594732,401011,965,274,0.468276,0.231345
Poly940,4,18,996812,997100,0,595335,400553,924,288,0.471842,0.225716
Poly940,4,19,996740,997032,0,594525,401209,1006,292,0.479199,0.187018
Poly940,4,20,996724,996994,0,595483,400292,949,270,0.471259,0.23076
Poly940,5,1,996805,997088,0,379789,616045,971,283,0.4734,0.201458
Poly940,5,2,996751,997044,0,380198,615608,945,293,0.472212,0.165774
Poly940,5,3,996646,996912,0,378927,616735,984,266,0.473449,0.202591
Poly940,5,4,996638,996942,0,380510,615184,944,304,0.469381,0.19843
Poly940,5,5,996760,997054,0,379721,616121,918,294,0.469067,0.18983
Poly940,5,6,996807,997086,0,380345,615479,983,279,0.474541,0.183351
Poly940,5,7,996709,996963,0,380798,614926,985,254,0.468948,0.197686
Poly940,5,8,996743,997030,0,379990,615867,886,287,0.467411,0.201281
Poly940,5,9,996779,997062,0,379451,616354,974,283,0.472882,0.167358
Poly940,5,10,996791,997053,0,380281,615547,963,262,0.471927,0.205756
Poly940,5,11,996860,997138,0,380558,615316,986,278,0.471289,0.231869
Poly940,5,12,996683,996966,0,380316,615356,1011,283,0.471142,0.162686
Poly940,5,13,996868,997155,0,379359,616485,1024,287,0.474351,0.20247
Poly940,5,14,996717,997013,0,380610,615181,926,296,0.467,0.195117
Poly940,5,15,996753,997039,0,380484,615306,963,286,0.469942,0.179336
Poly940,5,16,996722,997020,0,380024,615716,982,298,0.473365,0.197398
Poly940,5,17,996708,996984,0,380896,614840,972,276,0.469629,0.201635
Poly940,5,18,996812,997103,0,379909,615969,934,291,0.468269,0.196615
Poly940,5,19,996740,997033,0,379854,615872,1014,293,0.473667,0.175918
Poly940,5,20,996724,996996,0,380317,615447,960,272,0.472254,0.201541
Tet1331,2,1,996805,996948,0,510856,485361,588,143,19.6815,0.364563
Tet1331,2,2,996751,996883,0,510422,485670,659,132,15.3952,0.26153
Tet1331,2,3,996646,996774,0,510749,485282,615,128,15.2441,0.241135
Tet1331,2,4,996638,996757,0,509662,486318,658,119,15.2169,0.243134
Tet1331,2,5,996760,996890,0,510469,485606,685,130,15.165,0.243189
Tet1331,2,6,996807,996926,0,511074,485095,638,119,15.1689,0.249375
Tet1331,2,7,996709,996832,0,510365,485671,673,123,15.2921,0.244338
Tet1331,2,8,996743,996865,0,510799,485332,612,122,15.1744,0.242652
Tet1331,2,9,996779,996908,0,510732,485439,608,129,15.1286,0.24269
Tet1331,2,10,996791,996936,0,510344,485803,644,145,15.1171,0.243671
Tet1331,2,11,996860,996995,0,510979,485249,632,135,15.2737,0.247667
Tet1331,2,12,996683,996815,0,510399,485631,653,132,15.2394,0.250074
Tet1331,2,13,996868,996993,0,510361,485908,599,125,15.2101,0.347365
Tet1331,2,14,996717,996857,0,510795,485268,654,140,15.4742,0.328221
Tet1331,2,15,996753,996884,0,510694,485417,642,131,15.4481,0.297823
Tet1331,2,16,996722,996843,0,510826,485280,616,121,15.3028,0.308596
Tet1331,2,17,996708,996833,0,509634,486449,625,125,15.3539,0.312376
Tet1331,2,18,996812,996935,0,510907,485266,639,123,15.3209,0.296829
Tet1331,2,19,996740,996872,0,510424,485647,669,132,15.3698,0.317105
Tet1331,2,20,996724,996854,0,511300,484774,650,130,15.4463,0.250941
Tet1331,3,1,996805,996946,0,449127,547071,607,141,3.27391,0.256634
Tet1331,3,2,996751,996889,0,448982,547145,624,138,3.25478,0.276511
Tet1331,3,3,996646,996767,0,448952,547113,581,121,3.24452,0.314358
Tet1331,3,4,996638,996765,0,449025,546949,664,127,3.23683,0.319608
Tet1331,3,5,996760,996885,0,449176,546936,648,125,3.23671,0.301502
Tet1331,3,6,996807,996909,0,449440,546711,656,102,3.23661,0.241609
Tet1331,3,7,996709,996837,0,448810,547197,702,128,3.24024,0.29352
Tet1331,3,8,996743,996856,0,450158,545949,636,113,3.23485,0.309158
Tet1331,3,9,996779,996900,0,449207,546957,615,121,3.24223,0.317841
Tet1331,3,10,996791,996937,0,448976,547175,640,146,3.25791,0.297812
Tet1331,3,11,996860,996974,0,449442,546787,631,114,3.24621,0.24741
Tet1331,3,12,996683,996821,0,448454,547617,612,138,3.29783,0.287703
Tet1331,3,13,996868,996973,0,448616,547630,622,105,3.25743,0.311638
Tet1331,3,14,996717,996863,0,448795,547255,667,146,3.2682,0.238226
Tet1331,3,15,996753,996875,0,449161,546982,610,122,3.19809,0.251098
Tet1331,3,16,996722,996850,0,448691,547389,642,128,3.38331,0.398027
Tet1331,3,17,996708,996844,0,448608,547473,627,136,3.39348,0.327753
Tet1331,3,18,996812,996931,0,449106,547053,653,119,3.4323,0.244011
Tet1331,3,19,996740,996854,0,448612,547505,623,114,3.21314,0.241955
Tet1331,3,20,996724,996834,0,448997,547094,633,110,3.20948,0.238763
Tet1331,4,1,996805,996946,0,632729,363469,607,141,2.72441,0.255693
Tet1331,4,2,996751,996889,0,632853,363274,624,138,2.7307,0.259627
Tet1331,4,3,996646,996767,0,632414,363651,581,121,2.73852,0.262653
Tet1331,4,4,996638,996765,0,633589,362385,664,127,2.73294,0.262338
Tet1331,4,5,996760,996885,0,632616,363496,648,125,2.73065,0.26065
Tet1331,4,6,996807,996909,0,633340,362811,656,102,2.72778,0.259326
Tet1331,4,7,996709,996837,0,632833,363174,702,128,2.73898,0.25968
Tet1331,4,8,996743,996856,0,633343,362764,636,113,2.73997,0.258693
Tet1331,4,9,996779,996900,0,632300,363864,615,121,2.80363,0.314661
Tet1331,4,10,996791,996937,0,632283,363868,640,146,2.86143,0.256609
Tet1331,4,11,996860,996974,0,633249,362980,631,114,2.7366,0.261706
Tet1331,4,12,996683,996821,0,632731,363340,612,138,2.74289,0.259669
Tet1331,4,13,996868,996973,0,632855,363391,622,105,2.74268,0.262757
Tet1331,4,14,996717,996863,0,632775,363275,667,146,2.73375,0.264485
Tet1331,4,15,996753,996875,0,632841,363302,610,122,2.74522,0.267663
Tet1331,4,16,996722,996850,0,632556,363524,642,128,2.78678,0.279162
Tet1331,4,17,996708,996844,0,631917,364164,627,136,2.75041,0.261538
Tet1331,4,18,996812,996931,0,633581,362578,653,119,2.73186,0.260885
Tet1331,4,19,996740,996854,0,632803,363314,623,114,2.75397,0.262613
Tet1331,4,20,996724,996834,0,632270,363821,633,110,2.73466,0.259389
Tet1331,5,1,996805,996946,0,404050,592148,607,141,2.55111,0.274414
Tet1331,5,2,996751,996889,0,404198,591929,624,138,2.54459,0.343307
Tet1331,5,3,996646,996767,0,403796,592269,581,121,2.51057,0.243583
Tet1331,5,4,996638,996765,0,404056,591918,664,127,2.50089,0.261821
Tet1331,5,5,996760,996885,0,403759,592353,648,125,2.50137,0.258457
Tet1331,5,6,996807,996909,0,404302,591849,656,102,2.50055,0.2553
Tet1331,5,7,996709,996837,0,403494,592513,702,128,2.50273,0.249724
Tet1331,5,8,996743,996856,0,404955,591152,636,113,2.50242,0.251711
Tet1331,5,9,996779,996900,0,404142,592022,615,121,2.51387,0.249204
Tet1331,5,10,996791,996937,0,403402,592749,640,146,2.50241,0.244951
Tet1331,5,11,996860,996974,0,404163,592066,631,114,2.50117,0.253241
Tet1331,5,12,996683,996821,0,403661,592410,612,138,2.50659,0.287383
Tet1331,5,13,996868,996973,0,403769,592477,622,105,2.5012,0.285868
Tet1331,5,14,996717,996863,0,403726,592324,667,146,2.4992,0.267417
Tet1331,5,15,996753,996875,0,404145,591998,610,122,2.49704,0.25462
Tet1331,5,16,996722,996850,0,403514,592566,642,128,2.50383,0.249434
Tet1331,5,17,996708,996844,0,403611,592470,627,136,2.49913,0.247754
Tet1331,5,18,996812,996931,0,404066,592093,653,119,2.49968,0.255656
Tet1331,5,19,996740,996854,0,403772,592345,623,114,2.5025,0.255141
Tet1331,5,20,996724,996834,0,403988,592103,633,110,2.50553,0.255618
Tet137,1,1,996805,996891,0,951076,0,45729,86,27.1658,0.28876
Tet137,1,2,996751,996846,0,950888,0,45863,95,26.4188,0.293717
Tet137,1,3,996646,996741,0,951102,0,45544,95,26.3866,0.28779
Tet137,1,4,996638,996740,0,951165,0,45473,102,26.37,0.294107
Tet137,1,5,996760,996848,0,951433,0,45327,88,26.4758,0.295308
Tet137,1,6,996807,996889,0,951496,0,45311,82,26.4826,0.318409
Tet137,1,7,996709,996811,0,951213,0,45496,102,26.4595,0.294004
Tet137,1,8,996743,996820,0,951438,0,45305,77,26.541,0.283766
Tet137,1,9,996779,996892,0,951016,0,45763,113,26.5588,0.282313
Tet137,1,10,996791,996866,0,951579,0,45212,75,26.6013,0.29711
Tet137,1,11,996860,996940,0,951384,0,45476,80,26.4947,0.296321
Tet137,1,12,996683,996769,0,951239,0,45444,86,26.338,0.287443
Tet137,1,13,996868,996954,0,951180,0,45688,86,26.4564,0.294774
Tet137,1,14,996717,996800,0,951224,0,45493,83,26.457,0.286061
Tet137,1,15,996753,996844,0,951211,0,45542,91,26.5109,0.296559
Tet137,1,16,996722,996807,0,951317,0,45405,85,26.4639,0.289915
Tet137,1,17,996708,996810,0,951267,0,45441,102,26.9341,0.289341
Tet137,1,18,996812,996892,0,951378,0,45434,80,26.5341,0.284247
Tet137,1,19,996740,996850,0,950941,0,45799,110,26.5346,0.29054
Tet137,1,20,996724,996801,0,951129,0,45595,77,26.5332,0.294831
Tet137,2,1,996805,996891,0,698735,297591,479,86,0.993458,0.138769
Tet137,2,2,996751,996846,0,699194,297095,462,95,0.848032,0.147626
Tet137,2,3,996646,996741,0,698938,297216,492,95,0.847884,0.146285
Tet137,2,4,996638,996740,0,699400,296758,480,102,0.848642,0.150101
Tet137,2,5,996760,996848,0,699594,296635,531,88,0.867292,0.13801
Tet137,2,6,996807,996889,0,699770,296516,521,82,0.847061,0.148077
Tet137,2,7,996709,996811,0,698749,297499,461,102,0.845723,0.148948
Tet137,2,8,996743,996820,0,699666,296638,439,77,0.846767,0.142392
Tet137,2,9,996779,996892,0,699108,297204,467,113,0.849849,0.144603
Tet137,2,10,996791,996866,0,699840,296485,466,75,0.847162,0.143462
Tet137,2,11,996860,996940,0,699796,296578,486,80,0.846317,0.147387
Tet137,2,12,996683,996769,0,699270,296970,443,86,0.847193,0.154911
Tet137,2,13,996868,996954,0,699937,296432,499,86,0.84592,0.146337
Tet137,2,14,996717,996800,0,699209,297074,434,83,0.848246,0.145428
Tet137,2,15,996753,996844,0,699701,296563,489,91,0.851367,0.147631
Tet137,2,16,996722,996807,0,698983,297266,473,85,0.848521,0.145827
Tet137,2,17,996708,996810,0,699384,296839,485,102,0.852355,0.144053
Tet137,2,18,996812,996892,0,699289,297041,482,80,0.84621,0.149609
Tet137,2,19,996740,996850,0,699200,297024,516,110,0.846186,0.139528
Tet137,2,20,996724,996801,0,698747,297534,443,77,0.84871,0.145379
Tet137,3,1,996805,996875,0,639767,356572,466,70,0.342918,0.131569
Tet137,3,2,996751,996826,0,639894,356421,436,75,0.343528,0.127917
Tet137,3,3,996646,996726,0,639713,356477,456,80,0.343271,0.138827
Tet137,3,4,996638,996722,0,640489,355724,425,84,0.345406,0.138947
Tet137,3,5,996760,996848,0,640254,356052,454,88,0.343278,0.139049
Tet137,3,6,996807,996896,0,641329,355006,472,89,0.347408,0.140265
Tet137,3,7,996709,996804,0,640268,356016,425,95,0.343067,0.137176
Tet137,3,8,996743,996820,0,640677,355658,408,77,0.34401,0.126663
Tet137,3,9,996779,996878,0,640852,355501,426,99,0.342856,0.128705
Tet137,3,10,996791,996860,0,641610,354735,446,69,0.342985,0.129051
Tet137,3,11,996860,996930,0,640459,355978,423,70,0.342349,0.130415
Tet137,3,12,996683,996758,0,640443,355814,426,75,0.344329,0.126995
Tet137,3,13,996868,996945,0,640533,355879,456,77,0.343596,0.125106
Tet137,3,14,996717,996800,0,639930,356369,418,83,0.342692,0.129558
Tet137,3,15,996753,996825,0,640399,355893,461,72,0.344985,0.12791
Tet137,3,16,996722,996806,0,639875,356421,426,84,0.34236,0.128999
Tet137,3,17,996708,996800,0,640269,356008,431,92,0.344053,0.129371
Tet137,3,18,996812,996885,0,640317,356072,423,73,0.342229,0.127216
Tet137,3,19,996740,996842,0,639651,356584,505,102,0.343929,0.129074
Tet137,3,20,996724,996804,0,640222,356082,420,80,0.342741,0.130504
Tet137,4,1,996805,996891,0,684947,311379,479,86,0.300268,0.136134
Tet137,4,2,996751,996846,0,685453,310836,462,95,0.301418,0.134792
Tet137,4,3,996646,996741,0,685183,310971,492,95,0.299894,0.134457
Tet137,4,4,996638,996740,0,685786,310372,480,102,0.301421,0.14164
Tet137,4,5,996760,996848,0,685668,310561,531,88,0.300293,0.13473
Tet137,4,6,996807,996889,0,685994,310292,521,82,0.301279,0.134214
Tet137,4,7,996709,996811,0,685198,311050,461,102,0.300109,0.134802
Tet137,4,8,996743,996820,0,685970,310334,439,77,0.29999,0.13494
Tet137,4,9,996779,996892,0,685252,311060,467,113,0.299995,0.133811
Tet137,4,10,996791,996866,0,686235,310090,466,75,0.303105,0.134347
Tet137,4,11,996860,996940,0,685939,310435,486,80,0.302095,0.135259
Tet137,4,12,996683,996769,0,685716,310524,443,86,0.299364,0.135374
Tet137,4,13,996868,996954,0,686112,310257,499,86,0.301488,0.134898
Tet137,4,14,996717,996800,0,685573,310710,434,83,0.300056,0.135415
Tet137,4,15,996753,996844,0,686044,310220,489,91,0.29987,0.138555
Tet137,4,16,996722,996807,0,685203,311046,473,85,0.299826,0.134136
Tet137,4,17,996708,996810,0,685580,310643,485,102,0.300321,0.135176
Tet137,4,18,996812,996892,0,685477,310853,482,80,0.301111,0.134208
Tet137,4,19,996740,996850,0,685306,310918,516,110,0.300767,0.134607
Tet137,4,20,996724,996801,0,685035,311246,443,77,0.301857,0.133421
Tet137,5,1,996805,996891,0,462539,533787,479,86,0.27522,0.100282
Tet137,5,2,996751,996846,0,463876,532413,462,95,0.275188,0.099275
Tet137,5,3,996646,996741,0,463466,532688,492,95,0.27592,0.10023
Tet137,5,4,996638,996740,0,464317,531841,480,102,0.275652,0.099549
Tet137,5,5,996760,996848,0,464518,531711,531,88,0.275778,0.101387
Tet137,5,6,996807,996889,0,463633,532653,521,82,0.276381,0.099028
Tet137,5,7,996709,996811,0,464785,531463,461,102,0.275487,0.099645
Tet137,5,8,996743,996820,0,464813,531491,439,77,0.276041,0.101548
Tet137,5,9,996779,996892,0,463901,532411,467,113,0.274967,0.09844
Tet137,5,10,996791,996866,0,464531,531794,466,75,0.275789,0.099313
Tet137,5,11,996860,996940,0,464227,532147,486,80,0.275894,0.10115
Tet137,5,12,996683,996769,0,463967,532273,443,86,0.275736,0.098041
Tet137,5,13,996868,996954,0,463687,532682,499,86,0.275243,0.100132
Tet137,5,14,996717,996800,0,463306,532977,434,83,0.276057,0.099132
Tet137,5,15,996753,996844,0,463894,532370,489,91,0.275698,0.097935
Tet137,5,16,996722,996807,0,463264,532985,473,85,0.275868,0.101111
Tet137,5,17,996708,996810,0,464243,531980,485,102,0.274907,0.099292
Tet137,5,18,996812,996892,0,464052,532278,482,80,0.274153,0.099099
Tet137,5,19,996740,996850,0,463537,532687,516,110,0.275202,0.100887
Tet137,5,20,996724,996801,0,463723,532558,443,77,0.274848,0.100147
Tet1820,1,1,996805,997107,0,924760,0,72045,302,102.54,0.374705
Tet1820,1,2,996751,997018,0,924728,0,72023,267,102.344,0.393684
Tet1820,1,3,996646,996895,0,924885,0,71761,249,100.504,0.377644
Tet1820,1,4,996638,996927,0,924551,0,72087,289,101.031,0.376093
Tet1820,1,5,996760,997042,0,924690,0,72070,282,101.239,0.398517
Tet1820,1,6,996807,997079,0,924574,0,72233,272,100.281,0.377863
Tet1820,1,7,996709,996974,0,924589,0,72120,265,100.76,0.375593
Tet1820,1,8,996743,997028,0,924442,0,72301,285,101.183,0.396617
Tet1820,1,9,996779,997077,0,924932,0,71847,298,101.03,0.374988
Tet1820,1,10,996791,997056,0,925285,0,71506,265,101.445,0.408844
Tet1820,1,11,996860,997109,0,925040,0,71820,249,100.159,0.413366
Tet1820,1,12,996683,996930,0,924951,0,71732,247,101.062,0.373492
Tet1820,1,13,996868,997135,0,924853,0,72015,267,100.349,0.380556
Tet1820,1,14,996717,996975,0,924854,0,71863,258,100.587,0.375116
Tet1820,1,15,996753,997028,0,924606,0,72147,275,99.3318,0.375807
Tet1820,1,16,996722,996985,0,924356,0,72366,263,100.572,0.410704
Tet1820,1,17,996708,996959,0,924360,0,72348,251,100.704,0.379484
Tet1820,1,18,996812,997081,0,924703,0,72109,269,100.92,0.382262
Tet1820,1,19,996740,997043,0,925003,0,71737,303,101.194,0.377631
Tet1820,1,20,996724,996986,0,924577,0,72147,262,101.151,0.374266
Tet1820,2,1,996805,997064,0,491233,504431,1141,259,12.674,0.293189
Tet1820,2,2,996751,996976,0,491463,504190,1098,225,10.8604,0.267174
Tet1820,2,3,996646,996868,0,490663,504920,1063,222,10.8624,0.276075
Tet1820,2,4,996638,996899,0,490204,505369,1065,261,11.0865,0.27557
Tet1820,2,5,996760,997028,0,490614,505070,1076,268,11.0005,0.285072
Tet1820,2,6,996807,997073,0,490025,505659,1123,266,10.9461,0.301456
Tet1820,2,7,996709,996958,0,490427,505192,1090,249,10.9227,0.281403
Tet1820,2,8,996743,996993,0,490509,505123,1111,250,10.8415,0.275888
Tet1820,2,9,996779,997050,0,492163,503506,1110,271,10.8799,0.276497
Tet1820,2,10,996791,997044,0,490689,505003,1099,253,11.0063,0.302079
Tet1820,2,11,996860,997086,0,491317,504494,1049,226,10.8702,0.271402
Tet1820,2,12,996683,996908,0,491241,504386,1056,225,10.8894,0.281734
Tet1820,2,13,996868,997119,0,490568,505190,1110,251,11.1034,0.341591
Tet1820,2,14,996717,996976,0,490354,505287,1076,259,10.8982,0.283414
Tet1820,2,15,996753,997020,0,490786,504903,1064,267,10.9772,0.353978
Tet1820,2,16,996722,996962,0,490909,504741,1072,240,10.8555,0.278845
Tet1820,2,17,996708,996929,0,490202,505441,1065,221,10.9184,0.384641
Tet1820,2,18,996812,997064,0,490921,504763,1128,252,10.9405,0.284654
Tet1820,2,19,996740,997010,0,490788,504886,1066,270,10.8021,0.275536
Tet1820,2,20,996724,996958,0,490621,504978,1125,234,10.8381,0.276104
Tet1820,3,1,996805,997064,0,515926,479738,1141,259,2.96151,0.280237
Tet1820,3,2,996751,996976,0,516021,479632,1098,225,2.96052,0.27779
Tet1820,3,3,996646,996868,0,515173,480410,1063,222,2.96089,0.270621
Tet1820,3,4,996638,996899,0,515133,480440,1065,261,2.96226,0.273092
Tet1820,3,5,996760,997028,0,516205,479479,1076,268,2.97466,0.279472
Tet1820,3,6,996807,997073,0,515223,480461,1123,266,3.07842,0.288553
Tet1820,3,7,996709,996958,0,515448,480171,1090,249,3.09973,0.287682
Tet1820,3,8,996743,996993,0,515801,479831,1111,250,2.96384,0.285593
Tet1820,3,9,996779,997050,0,516796,478873,1110,271,2.97592,0.349985
Tet1820,3,10,996791,997044,0,516712,478980,1099,253,3.02098,0.289327
Tet1820,3,11,996860,997086,0,516810,479001,1049,226,3.06206,0.284101
Tet1820,3,12,996683,996908,0,516455,479172,1056,225,2.98034,0.27548
Tet1820,3,13,996868,997119,0,515762,479996,1110,251,2.96387,0.275978
Tet1820,3,14,996717,996976,0,516346,479295,1076,259,3.03704,0.277862
Tet1820,3,15,996753,997020,0,515368,480321,1064,267,2.97213,0.284384
Tet1820,3,16,996722,996962,0,516206,479444,1072,240,2.97592,0.276096
Tet1820,3,17,996708,996929,0,515842,479801,1065,221,3.02439,0.318352
Tet1820,3,18,996812,997064,0,515314,480370,1128,252,3.06267,0.324182
Tet1820,3,19,996740,997010,0,515445,480229,1066,270,3.01709,0.290246
Tet1820,3,20,996724,996958,0,516036,479563,1125,234,3.01523,0.327371
Tet1820,4,1,996805,997064,0,541074,454590,1141,259,2.77825,0.277072
Tet1820,4,2,996751,996976,0,541138,454515,1098,225,2.70429,0.27683
Tet1820,4,3,996646,996868,0,540446,455137,1063,222,2.69008,0.27159
Tet1820,4,4,996638,996899,0,540566,455007,1065,261,2.68944,0.270941
Tet1820,4,5,996760,997028,0,540712,454972,1076,268,2.6905,0.269841
Tet1820,4,6,996807,997073,0,540075,455609,1123,266,2.68981,0.271158
Tet1820,4,7,996709,996958,0,539937,455682,1090,249,2.69067,0.27732
Tet1820,4,8,996743,996993,0,541186,454446,1111,250,2.7469,0.277884
Tet1820,4,9,996779,997050,0,540664,455005,1110,271,2.69514,0.273463
Tet1820,4,10,996791,997044,0,541640,454052,1099,253,2.69058,0.272129
Tet1820,4,11,996860,997086,0,541250,454561,1049,226,2.69205,0.273808
Tet1820,4,12,996683,996908,0,540968,454659,1056,225,2.69573,0.270841
Tet1820,4,13,996868,997119,0,539971,455787,1110,251,2.69108,0.277791
Tet1820,4,14,996717,996976,0,541101,454540,1076,259,2.77478,0.280687
Tet1820,4,15,996753,997020,0,540327,455362,1064,267,2.72834,0.273339
Tet1820,4,16,996722,996962,0,541221,454429,1072,240,2.71853,0.307054
Tet1820,4,17,996708,996929,0,540529,455114,1065,221,2.74776,0.287331
Tet1820,4,18,996812,997064,0,539879,455805,1128,252,2.7909,0.294526
Tet1820,4,19,996740,997010,0,540066,455608,1066,270,2.74226,0.300947
Tet1820,4,20,996724,996958,0,540337,455262,1125,234,2.75433,0.302212
Tet1820,5,1,996805,997064,0,305817,689847,1141,259,2.62643,0.303042
Tet1820,5,2,996751,996976,0,306239,689414,1098,225,2.60787,0.327768
Tet1820,5,3,996646,996868,0,304729,690854,1063,222,2.59854,0.295113
Tet1820,5,4,996638,996899,0,304723,690850,1065,261,2.61101,0.290466
Tet1820,5,5,996760,997028,0,305313,690371,1076,268,2.57881,0.298153
Tet1820,5,6,996807,997073,0,304713,690971,1123,266,2.64884,0.276518
Tet1820,5,7,996709,996958,0,305342,690277,1090,249,2.56207,0.270582
Tet1820,5,8,996743,996993,0,304769,690863,1111,250,2.57481,0.307237
Tet1820,5,9,996779,997050,0,305309,690360,1110,271,2.64614,0.315896
Tet1820,5,10,996791,997044,0,305692,690000,1099,253,2.63388,0.433156
Tet1820,5,11,996860,997086,0,304949,690862,1049,226,2.70696,0.391871
Tet1820,5,12,996683,996908,0,305357,690270,1056,225,2.5902,0.281008
Tet1820,5,13,996868,997119,0,304403,691355,1110,251,2.64991,0.409418
Tet1820,5,14,996717,996976,0,305273,690368,1076,259,2.63245,0.281701
Tet1820,5,15,996753,997020,0,305407,690282,1064,267,2.60953,0.279875
Tet1820,5,16,996722,996962,0,305623,690027,1072,240,2.56048,0.324767
Tet1820,5,17,996708,996929,0,304828,690815,1065,221,2.6025,0.344557
Tet1820,5,18,996812,997064,0,304994,690690,1128,252,2.61505,0.303032
Tet1820,5,19,996740,997010,0,304444,691230,1066,270,2.60318,0.282785
Tet1820,5,20,996724,996958,0,304840,690759,1125,234,2.59965,0.28977
Tet298,1,1,996805,997161,0,919238,0,77567,356,11.6834,0.240655
Tet298,1,2,996751,997107,0,918896,0,77855,356,11.7625,0.245704
Tet298,1,3,996646,996978,0,919205,0,77441,332,11.7494,0.240606
Tet298,1,4,996638,996979,0,918966,0,77672,341,11.707,0.236945
Tet298,1,5,996760,997105,0,919029,0,77731,345,11.808,0.24056
Tet298,1,6,996807,997171,0,919214,0,77593,364,11.885,0.239276
Tet298,1,7,996709,997092,0,919080,0,77629,383,11.7602,0.259151
Tet298,1,8,996743,997127,0,918643,0,78100,384,11.7213,0.237603
Tet298,1,9,996779,997114,0,919092,0,77687,335,11.8022,0.246243
Tet298,1,10,996791,997165,0,919201,0,77590,374,11.7605,0.236134
Tet298,1,11,996860,997227,0,919308,0,77552,367,11.7227,0.246977
Tet298,1,12,996683,997059,0,918578,0,78105,376,11.7184,0.237302
Tet298,1,13,996868,997191,0,918977,0,77891,323,11.7071,0.234376
Tet298,1,14,996717,997093,0,918822,0,77895,376,11.835,0.244758
Tet298,1,15,996753,997092,0,918870,0,77883,339,11.8501,0.246753
Tet298,1,16,996722,997072,0,919163,0,77559,350,11.7387,0.236275
Tet298,1,17,996708,997055,0,918594,0,78114,347,11.7635,0.236997
Tet298,1,18,996812,997144,0,919086,0,77726,332,11.7357,0.240327
Tet298,1,19,996740,997097,0,919337,0,77403,357,11.7097,0.241097
Tet298,1,20,996724,997088,0,919292,0,77432,364,11.7033,0.241452
Tet298,2,1,996805,997120,0,625851,369821,1133,315,0.897144,0.167866
Tet298,2,2,996751,997038,0,626335,369277,1139,287,0.773056,0.17877
Tet298,2,3,996646,996943,0,626070,369369,1207,297,0.767482,0.16421
Tet298,2,4,996638,996948,0,625899,369629,1110,310,0.771638,0.166244
Tet298,2,5,996760,997037,0,626096,369501,1163,277,0.769315,0.16505
Tet298,2,6,996807,997134,0,625799,369894,1114,327,0.770642,0.165263
Tet298,2,7,996709,997043,0,625391,370137,1181,334,0.772298,0.163415
Tet298,2,8,996743,997055,0,625846,369800,1097,312,0.770303,0.17694
Tet298,2,9,996779,997067,0,626185,369419,1175,288,0.777091,0.164321
Tet298,2,10,996791,997141,0,625228,370371,1192,350,0.770165,0.181658
Tet298,2,11,996860,997168,0,626450,369264,1146,308,0.768478,0.176894
Tet298,2,12,996683,996990,0,625652,369829,1202,307,0.7673,0.16317
Tet298,2,13,996868,997154,0,625905,369841,1122,286,0.766978,0.165214
Tet298,2,14,996717,997055,0,626083,369453,1181,338,0.766932,0.164471
Tet298,2,15,996753,997049,0,626015,369580,1158,296,0.769247,0.178857
Tet298,2,16,996722,997038,0,626000,369507,1215,316,0.770558,0.160762
Tet298,2,17,996708,997035,0,625365,370186,1157,327,0.771071,0.171813
Tet298,2,18,996812,997110,0,625757,369884,1171,298,0.771341,0.159951
Tet298,2,19,996740,997046,0,625779,369829,1132,306,0.768823,0.175838
Tet298,2,20,996724,997033,0,626263,369284,1177,309,0.772071,0.176181
Tet298,3,1,996805,997121,0,713798,281874,1133,316,0.520809,0.210405
Tet298,3,2,996751,997039,0,713670,281941,1140,288,0.491618,0.204873
Tet298,3,3,996646,996943,0,713463,281976,1207,297,0.491973,0.206011
Tet298,3,4,996638,996948,0,713400,282127,1111,310,0.491286,0.202889
Tet298,3,5,996760,997037,0,713639,281958,1163,277,0.492301,0.207008
Tet298,3,6,996807,997135,0,713778,281915,1114,328,0.489936,0.202641
Tet298,3,7,996709,997043,0,712769,282759,1181,334,0.492649,0.205165
Tet298,3,8,996743,997055,0,712877,282769,1097,312,0.490213,0.204009
Tet298,3,9,996779,997067,0,712737,282867,1175,288,0.490242,0.202137
Tet298,3,10,996791,997141,0,713588,282010,1193,350,0.491722,0.206699
Tet298,3,11,996860,997169,0,713684,282029,1147,309,0.49011,0.205033
Tet298,3,12,996683,996990,0,712948,282533,1202,307,0.49169,0.20432
Tet298,3,13,996868,997154,0,713344,282401,1123,286,0.493694,0.204591
Tet298,3,14,996717,997055,0,713447,282089,1181,338,0.490332,0.206935
Tet298,3,15,996753,997051,0,713309,282284,1160,298,0.490268,0.203142
Tet298,3,16,996722,997038,0,713799,281706,1217,316,0.491593,0.201906
Tet298,3,17,996708,997036,0,712449,283101,1158,328,0.490747,0.203767
Tet298,3,18,996812,997110,0,713039,282602,1171,298,0.491163,0.201503
Tet298,3,19,996740,997046,0,713526,282082,1132,306,0.491684,0.20305
Tet298,3,20,996724,997033,0,713555,281992,1177,309,0.490113,0.204177
Tet298,4,1,996805,997121,0,516745,478927,1133,316,0.37011,0.137794
Tet298,4,2,996751,997039,0,516636,478975,1140,288,0.369453,0.138669
Tet298,4,3,996646,996943,0,517585,477854,1207,297,0.370333,0.137178
Tet298,4,4,996638,996948,0,516445,479082,1111,310,0.368786,0.138193
Tet298,4,5,996760,997037,0,516384,479213,1163,277,0.371398,0.138328
Tet298,4,6,996807,997135,0,515964,479729,1114,328,0.367962,0.137761
Tet298,4,7,996709,997043,0,516277,479251,1181,334,0.369193,0.137937
Tet298,4,8,996743,997055,0,515726,479920,1097,312,0.368697,0.137879
Tet298,4,9,996779,997067,0,516458,479146,1175,288,0.370294,0.140488
Tet298,4,10,996791,997141,0,516198,479400,1193,350,0.38157,0.135311
Tet298,4,11,996860,997169,0,516820,478893,1147,309,0.370793,0.13565
Tet298,4,12,996683,996990,0,517065,478416,1202,307,0.370775,0.138108
Tet298,4,13,996868,997154,0,516280,479465,1123,286,0.370257,0.138433
Tet298,4,14,996717,997055,0,516822,478714,1181,338,0.369059,0.13649
Tet298,4,15,996753,997051,0,516666,478927,1160,298,0.370395,0.137215
Tet298,4,16,996722,997038,0,516634,478871,1217,316,0.368416,0.135966
Tet298,4,17,996708,997036,0,515951,479599,1158,328,0.370316,0.136915
Tet298,4,18,996812,997110,0,516493,479148,1171,298,0.368723,0.136997
Tet298,4,19,996740,997046,0,516319,479289,1132,306,0.369989,0.136962
Tet298,4,20,996724,997033,0,516211,479336,1177,309,0.368616,0.138715
Tet298,5,1,996805,997121,0,291166,704506,1133,316,0.363492,0.134169
Tet298,5,2,996751,997039,0,291386,704225,1140,288,0.361537,0.131685
Tet298,5,3,996646,996943,0,290197,705242,1207,297,0.364616,0.130577
Tet298,5,4,996638,996948,0,290426,705101,1111,310,0.361201,0.133299
Tet298,5,5,996760,997037,0,290053,705544,1163,277,0.366766,0.131068
Tet298,5,6,996807,997135,0,290962,704731,1114,328,0.362671,0.133158
Tet298,5,7,996709,997043,0,290748,704780,1181,334,0.363401,0.132817
Tet298,5,8,996743,997055,0,290671,704975,1097,312,0.362468,0.138901
Tet298,5,9,996779,997067,0,289691,705913,1175,288,0.362056,0.134055
Tet298,5,10,996791,997141,0,290769,704829,1193,350,0.362214,0.133728
Tet298,5,11,996860,997169,0,290540,705173,1147,309,0.361901,0.134208
Tet298,5,12,996683,996990,0,290320,705161,1202,307,0.36228,0.13132
Tet298,5,13,996868,997154,0,290189,705556,1123,286,0.36367,0.133908
Tet298,5,14,996717,997055,0,290408,705128,1181,338,0.36392,0.131142
Tet298,5,15,996753,997051,0,290860,704733,1160,298,0.362486,0.133666
Tet298,5,16,996722,997038,0,290517,704988,1217,316,0.363666,0.140444
Tet298,5,17,996708,997036,0,288541,707009,1158,328,0.365262,0.134103
Tet298,5,18,996812,997110,0,290407,705234,1171,298,0.363177,0.133352
Tet298,5,19,996740,997046,0,290638,704970,1132,306,0.361153,0.132192
Tet298,5,20,996724,997033,0,291058,704489,1177,309,0.363135,0.13502
Tet427,1,1,996805,997590,0,886709,0,110096,785,6.2201,0.212282
Tet427,1,2,996751,997541,0,886749,0,110002,790,6.21103,0.221285
Tet427,1,3,996646,997438,0,885829,0,110817,792,6.20175,0.222187
Tet427,1,4,996638,997409,0,886362,0,110276,771,6.28415,0.212167
Tet427,1,5,996760,997555,0,886451,0,110309,795,6.21529,0.212071
Tet427,1,6,996807,997617,0,886331,0,110476,810,6.21386,0.210801
Tet427,1,7,996709,997538,0,886697,0,110012,829,6.23599,0.210983
Tet427,1,8,996743,997542,0,886281,0,110462,799,6.21658,0.211375
Tet427,1,9,996779,997612,0,886310,0,110469,833,6.22537,0.210943
Tet427,1,10,996791,997545,0,886619,0,110172,754,6.22394,0.210779
Tet427,1,11,996860,997662,0,886507,0,110353,802,6.31302,0.212734
Tet427,1,12,996683,997491,0,886265,0,110418,808,6.22567,0.21648
Tet427,1,13,996868,997643,0,886795,0,110073,775,6.2173,0.214461
Tet427,1,14,996717,997544,0,885957,0,110760,827,6.22898,0.211447
Tet427,1,15,996753,997489,0,886452,0,110301,736,6.22384,0.212189
Tet427,1,16,996722,997524,0,887043,0,109679,802,6.23377,0.212205
Tet427,1,17,996708,997497,0,886008,0,110700,789,6.39296,0.21979
Tet427,1,18,996812,997591,0,886818,0,109994,779,6.22579,0.210388
Tet427,1,19,996740,997565,0,886087,0,110653,825,6.23008,0.210831
Tet427,1,20,996724,997510,0,887159,0,109565,786,6.23771,0.212519
Tet427,2,1,996805,997559,0,571488,422852,2465,754,0.677767,0.171122
Tet427,2,2,996751,997501,0,570764,423513,2474,750,0.599192,0.170467
Tet427,2,3,996646,997409,0,570126,423949,2571,763,0.594096,0.169542
Tet427,2,4,996638,997354,0,571106,423049,2483,716,0.597547,0.167986
Tet427,2,5,996760,997527,0,571064,423170,2526,767,0.593663,0.166283
Tet427,2,6,996807,997565,0,571463,422816,2528,758,0.595682,0.171047
Tet427,2,7,996709,997497,0,570418,423718,2573,788,0.599788,0.169793
Tet427,2,8,996743,997478,0,571051,423140,2552,735,0.596305,0.169405
Tet427,2,9,996779,997559,0,570098,424198,2483,780,0.594137,0.171027
Tet427,2,10,996791,997501,0,570804,423505,2482,710,0.595868,0.174784
Tet427,2,11,996860,997603,0,570866,423461,2533,743,0.595272,0.172961
Tet427,2,12,996683,997454,0,571389,422691,2603,771,0.598627,0.175523
Tet427,2,13,996868,997667,0,571118,423256,2494,799,0.59721,0.174909
Tet427,2,14,996717,997502,0,571502,422552,2663,785,0.599025,0.169577
Tet427,2,15,996753,997489,0,570887,423344,2522,736,0.596491,0.171156
Tet427,2,16,996722,997465,0,571874,422311,2537,743,0.597489,0.16789
Tet427,2,17,996708,997471,0,570452,423722,2534,763,0.601853,0.177392
Tet427,2,18,996812,997603,0,571230,423003,2579,791,0.594797,0.170834
Tet427,2,19,996740,997536,0,570329,423849,2562,796,0.597483,0.164166
Tet427,2,20,996724,997454,0,571787,422406,2531,730,0.594904,0.171361
Tet427,3,1,996805,997590,0,616297,377915,2593,785,0.41024,0.196701
Tet427,3,2,996751,997541,0,616229,377924,2598,790,0.411261,0.194663
Tet427,3,3,996646,997438,0,615234,378724,2688,792,0.409735,0.195265
Tet427,3,4,996638,997409,0,615640,378402,2596,771,0.40943,0.193632
Tet427,3,5,996760,997555,0,615521,378645,2594,795,0.409657,0.193087
Tet427,3,6,996807,997617,0,616184,377947,2676,810,0.410033,0.193616
Tet427,3,7,996709,997538,0,615657,378306,2746,829,0.409562,0.192092
Tet427,3,8,996743,997542,0,616282,377797,2664,799,0.410573,0.193943
Tet427,3,9,996779,997612,0,615711,378498,2570,833,0.410955,0.193393
Tet427,3,10,996791,997545,0,615930,378209,2652,754,0.40933,0.194632
Tet427,3,11,996860,997662,0,616152,378107,2601,802,0.410136,0.191536
Tet427,3,12,996683,997491,0,615997,377979,2707,808,0.410126,0.193446
Tet427,3,13,996868,997643,0,616573,377650,2645,775,0.409886,0.193518
Tet427,3,14,996717,997544,0,615879,378122,2716,827,0.411278,0.192571
Tet427,3,15,996753,997489,0,615691,378493,2569,736,0.416537,0.19319
Tet427,3,16,996722,997524,0,616811,377310,2601,802,0.417031,0.191462
Tet427,3,17,996708,997497,0,615981,378099,2628,789,0.417822,0.195978
Tet427,3,18,996812,997591,0,616700,377493,2619,779,0.417681,0.188917
Tet427,3,19,996740,997565,0,614917,379130,2693,825,0.418019,0.192665
Tet427,3,20,996724,997510,0,616641,377404,2679,786,0.417385,0.193769
Tet427,4,1,996805,997590,0,385444,608768,2593,785,0.381525,0.145424
Tet427,4,2,996751,997541,0,384618,609535,2598,790,0.37558,0.144706
Tet427,4,3,996646,997438,0,385055,608903,2688,792,0.377024,0.148068
Tet427,4,4,996638,997409,0,385159,608883,2596,771,0.375663,0.142514
Tet427,4,5,996760,997555,0,385513,608653,2594,795,0.383219,0.14458
Tet427,4,6,996807,997617,0,385531,608600,2676,810,0.381071,0.145253
Tet427,4,7,996709,997538,0,385102,608861,2746,829,0.384835,0.145166
Tet427,4,8,996743,997542,0,384870,609209,2664,799,0.382583,0.145463
Tet427,4,9,996779,997612,0,384683,609526,2570,833,0.383576,0.143055
Tet427,4,10,996791,997545,0,385378,608761,2652,754,0.383228,0.142366
Tet427,4,11,996860,997662,0,385103,609156,2601,802,0.383355,0.14529
Tet427,4,12,996683,997491,0,385758,608218,2707,808,0.382944,0.143696
Tet427,4,13,996868,997643,0,385155,609068,2645,775,0.385547,0.143395
Tet427,4,14,996717,997544,0,385074,608927,2716,827,0.38422,0.148036
Tet427,4,15,996753,997489,0,385715,608469,2569,736,0.384884,0.143623
Tet427,4,16,996722,997524,0,385849,608272,2601,802,0.380202,0.14024
Tet427,4,17,996708,997497,0,384885,609195,2628,789,0.382893,0.172854
Tet427,4,18,996812,997591,0,385681,608512,2619,779,0.386581,0.144215
Tet427,4,19,996740,997565,0,384168,609879,2693,825,0.381518,0.143127
Tet427,4,20,996724,997510,0,385168,608877,2679,786,0.390043,0.143798
Tet427,5,1,996805,997590,0,212631,781581,2593,785,0.375698,0.179855
Tet427,5,2,996751,997541,0,212319,781834,2598,790,0.374426,0.17829
Tet427,5,3,996646,997438,0,212245,781713,2688,792,0.375276,0.175679
Tet427,5,4,996638,997409,0,211740,782302,2596,771,0.37099,0.176482
Tet427,5,5,996760,997555,0,211835,782331,2594,795,0.373904,0.175311
Tet427,5,6,996807,997617,0,213097,781034,2676,810,0.37038,0.182645
Tet427,5,7,996709,997538,0,211707,782256,2746,829,0.372048,0.178573
Tet427,5,8,996743,997542,0,212122,781957,2664,799,0.371651,0.176755
Tet427,5,9,996779,997612,0,211756,782453,2570,833,0.370661,0.177371
Tet427,5,10,996791,997545,0,212464,781675,2652,754,0.371962,0.181342
Tet427,5,11,996860,997662,0,212026,782233,2601,802,0.371635,0.175216
Tet427,5,12,996683,997491,0,212290,781686,2707,808,0.370893,0.176386
Tet427,5,13,996868,997643,0,211585,782638,2645,775,0.371903,0.176291
Tet427,5,14,996717,997544,0,212159,781842,2716,827,0.37168,0.180054
Tet427,5,15,996753,997489,0,212054,782130,2569,736,0.369795,0.175341
Tet427,5,16,996722,997524,0,212347,781774,2601,802,0.370978,0.175099
Tet427,5,17,996708,997497,0,212047,782033,2628,789,0.371846,0.177469
Tet427,5,18,996812,997591,0,211350,782843,2619,779,0.381518,0.176988
Tet427,5,19,996740,997565,0,212409,781638,2693,825,0.372508,0.179433
Tet427,5,20,996724,997510,0,212350,781695,2679,786,0.373146,0.179489
